iters,fevals,fitness
0,18354,212.0
1,22665,212.0
2,26237,211.0
3,26860,211.0
4,27281,211.0
5,28013,211.0
6,28435,213.0
7,28851,211.0
8,29064,211.0
9,29485,211.0
10,29803,211.0
11,30118,211.0
12,30430,212.0
13,32844,212.0
14,33269,211.0
15,36009,211.0
16,37376,212.0
17,40523,212.0
18,43568,212.0
19,47751,213.0
20,48272,209.0
21,49845,209.0
22,50579,213.0
23,52474,209.0
24,52581,213.0
25,52684,213.0
26,52790,209.0
27,52894,209.0
28,53000,209.0
29,53105,209.0
30,53213,209.0
31,53315,209.0
32,53421,209.0
33,53529,209.0
34,53635,209.0
35,53741,209.0
36,53846,209.0
37,53952,209.0
38,54055,209.0
39,54161,209.0
40,54267,209.0
41,54370,209.0
42,54474,209.0
43,54577,209.0
44,54681,209.0
45,54785,209.0
46,54889,209.0
47,54996,209.0
48,55099,209.0
49,55203,209.0
50,55308,209.0
51,55411,209.0
52,55517,209.0
53,55621,209.0
54,55723,209.0
55,55828,210.0
56,55935,210.0
57,56039,210.0
58,56144,213.0
59,56246,213.0
60,56349,213.0
61,56456,213.0
62,56563,209.0
63,56668,209.0
64,56774,209.0
65,56878,213.0
66,56982,213.0
67,57088,213.0
68,57193,213.0
69,57295,213.0
70,57397,209.0
71,57502,209.0
72,57605,209.0
73,57710,209.0
74,57815,209.0
75,57920,209.0
76,58026,209.0
77,58132,209.0
78,58237,209.0
79,58342,209.0
80,58445,209.0
81,58549,209.0
82,58654,211.0
83,58760,209.0
84,58867,210.0
85,58973,210.0
86,59076,210.0
87,59181,210.0
88,59285,210.0
89,59390,210.0
90,59496,210.0
91,59602,210.0
92,59707,210.0
93,59812,211.0
94,59917,211.0
95,60023,211.0
96,60130,211.0
97,60235,213.0
98,60340,211.0
99,60445,211.0
100,60550,209.0
101,60653,209.0
102,60758,209.0
103,60862,209.0
104,60966,209.0
105,61072,209.0
106,61177,209.0
107,61282,209.0
108,61387,209.0
109,61492,209.0
110,61595,209.0
111,61698,209.0
112,61803,209.0
113,61908,209.0
114,62014,209.0
115,62118,209.0
116,62223,209.0
117,62327,209.0
118,62434,209.0
119,62537,209.0
120,62640,209.0
121,62746,209.0
122,62850,209.0
123,62955,209.0
124,63058,209.0
125,63163,209.0
126,63266,209.0
127,63369,209.0
128,63472,209.0
129,63578,209.0
130,63682,209.0
131,63787,209.0
132,63891,209.0
133,63998,209.0
134,64103,209.0
135,64207,210.0
136,64312,210.0
137,64417,209.0
138,64524,209.0
139,64630,209.0
140,64734,209.0
141,64838,209.0
142,64939,209.0
143,65042,209.0
144,65150,209.0
145,65257,209.0
146,65363,209.0
147,65469,209.0
148,65573,209.0
149,65676,209.0
150,65779,209.0
151,65885,209.0
152,65990,209.0
153,66095,209.0
154,66202,209.0
155,66308,209.0
156,66415,209.0
157,66520,209.0
158,66624,212.0
159,66730,212.0
160,66835,209.0
161,66938,209.0
162,67041,209.0
163,67148,209.0
164,67250,209.0
165,67355,209.0
166,67461,209.0
167,67564,209.0
168,67672,209.0
169,67778,209.0
170,67884,209.0
171,67987,209.0
172,68093,209.0
173,68197,213.0
174,68302,213.0
175,68405,213.0
176,68508,213.0
177,68613,209.0
178,68717,209.0
179,68822,209.0
180,68927,209.0
181,69033,209.0
182,69138,209.0
183,69243,209.0
184,69350,209.0
185,69452,209.0
186,69556,209.0
187,69659,209.0
188,69762,209.0
189,69865,209.0
190,69971,209.0
191,70077,209.0
192,70183,209.0
193,70290,209.0
194,70395,209.0
195,70500,209.0
196,70602,209.0
197,70704,209.0
198,70811,209.0
199,70916,209.0
200,71023,209.0
201,71130,209.0
202,71237,209.0
203,71342,209.0
204,71445,209.0
205,71549,209.0
206,71652,209.0
207,71756,209.0
208,71860,209.0
209,71965,209.0
210,72071,209.0
211,72177,209.0
212,72282,209.0
213,72389,209.0
214,72495,209.0
215,72599,209.0
216,72705,209.0
217,72811,209.0
218,72916,209.0
219,73022,211.0
220,73129,211.0
221,73232,209.0
222,73339,209.0
223,73444,209.0
224,73549,209.0
225,73654,209.0
226,73760,209.0
227,73865,209.0
228,73970,210.0
229,74075,210.0
230,74179,210.0
231,74283,210.0
232,74390,209.0
233,74494,209.0
234,74598,209.0
235,74701,209.0
236,74806,209.0
237,74912,209.0
238,75016,209.0
239,75120,209.0
240,75225,211.0
241,75331,211.0
242,75438,211.0
243,75544,211.0
244,75648,211.0
245,75752,211.0
246,75855,211.0
247,75960,211.0
248,76066,212.0
249,76171,211.0
250,76279,209.0
251,76383,209.0
252,76487,209.0
253,76593,209.0
254,76699,209.0
255,76805,209.0
256,76908,209.0
257,77015,209.0
258,77121,209.0
259,77224,209.0
260,77330,209.0
261,77436,209.0
262,77541,209.0
263,77646,209.0
264,77752,209.0
265,77858,209.0
266,77965,209.0
267,78069,213.0
268,78170,209.0
269,78275,209.0
270,78380,209.0
271,78489,209.0
272,78592,209.0
273,78695,209.0
274,78800,209.0
275,78905,209.0
276,79010,209.0
277,79113,209.0
278,79220,209.0
279,79325,209.0
280,79431,209.0
281,79536,209.0
282,79639,209.0
283,79744,209.0
284,79849,209.0
285,79951,209.0
286,80056,209.0
287,80161,209.0
288,80266,209.0
289,80370,209.0
290,80475,209.0
291,80582,209.0
292,80687,213.0
293,80792,209.0
294,80899,209.0
295,81004,209.0
296,81107,209.0
297,81211,209.0
298,81316,209.0
299,81423,209.0
300,81530,213.0
301,81634,213.0
302,81738,213.0
303,81844,209.0
304,81950,210.0
305,82055,209.0
306,82159,209.0
307,82263,209.0
308,82367,209.0
309,82474,210.0
310,82578,210.0
311,82683,210.0
312,82788,210.0
313,82891,213.0
314,82996,213.0
315,83101,213.0
316,83204,213.0
317,83312,213.0
318,83415,213.0
319,83522,213.0
320,83627,213.0
321,83730,213.0
322,83836,213.0
323,83941,213.0
324,84048,213.0
325,84155,213.0
326,84261,213.0
327,84366,213.0
328,84474,213.0
329,84578,213.0
330,84681,213.0
331,84786,213.0
332,84890,213.0
333,84994,213.0
334,85100,213.0
335,85204,213.0
336,85309,213.0
337,85416,213.0
338,85520,213.0
339,85628,210.0
340,85733,210.0
341,85838,210.0
342,85943,210.0
343,86048,210.0
344,86153,210.0
345,86258,211.0
346,86364,210.0
347,86467,210.0
348,86574,210.0
349,86681,210.0
350,86786,210.0
351,86889,210.0
352,86993,210.0
353,87095,209.0
354,87201,209.0
355,87305,213.0
356,87408,213.0
357,87514,213.0
358,87620,213.0
359,87725,213.0
360,87832,213.0
361,87939,213.0
362,88040,213.0
363,88142,213.0
364,88246,213.0
365,88351,213.0
366,88456,213.0
367,88562,213.0
368,88665,213.0
369,88770,213.0
370,88873,213.0
371,88977,213.0
372,89082,213.0
373,89187,213.0
374,89291,213.0
375,89395,213.0
376,89500,213.0
377,89606,213.0
378,89711,213.0
379,89815,213.0
380,89921,213.0
381,90024,213.0
382,90128,213.0
383,90231,213.0
384,90336,213.0
385,90440,213.0
386,90544,213.0
387,90651,213.0
388,90758,213.0
389,90863,213.0
390,90968,213.0
391,91075,213.0
392,91178,213.0
393,91283,213.0
394,91388,213.0
395,91490,213.0
396,91594,213.0
397,91699,213.0
398,91803,213.0
399,91909,213.0
400,92016,213.0
401,92121,213.0
402,92228,213.0
403,92334,213.0
404,92437,213.0
405,92544,213.0
406,92653,213.0
407,92759,213.0
408,92865,213.0
409,92970,213.0
410,93072,213.0
411,93175,213.0
412,93282,213.0
413,93385,213.0
414,93490,213.0
415,93594,213.0
416,93699,213.0
417,93802,213.0
418,93907,213.0
419,94010,213.0
420,94116,213.0
421,94222,213.0
422,94328,213.0
423,94433,213.0
424,94537,213.0
425,94644,213.0
426,94749,213.0
427,94853,213.0
428,94956,213.0
429,95062,213.0
430,95165,213.0
431,95269,213.0
432,95375,213.0
433,95478,213.0
434,95584,213.0
435,95690,213.0
436,95797,213.0
437,95900,213.0
438,96006,213.0
439,96111,213.0
440,96211,213.0
441,96313,213.0
442,96419,213.0
443,96522,213.0
444,96629,213.0
445,96733,213.0
446,96838,213.0
447,96943,213.0
448,97049,213.0
449,97154,213.0
450,97257,213.0
451,97363,213.0
452,97469,213.0
453,97575,213.0
454,97678,213.0
455,97780,213.0
456,97885,213.0
457,97987,213.0
458,98093,213.0
459,98197,213.0
460,98304,213.0
461,98410,213.0
462,98517,213.0
463,98621,213.0
464,98724,213.0
465,98828,213.0
466,98933,213.0
467,99038,213.0
468,99144,213.0
469,99250,213.0
470,99354,213.0
471,99459,213.0
472,99564,213.0
473,99670,213.0
474,99776,213.0
475,99882,213.0
476,99987,213.0
477,100093,213.0
478,100202,213.0
479,100309,213.0
480,100414,213.0
481,100517,213.0
482,100626,213.0
483,100729,213.0
484,100834,213.0
485,100941,213.0
486,101045,213.0
487,101152,213.0
488,101258,213.0
489,101362,213.0
490,101469,213.0
491,101572,213.0
492,101678,213.0
493,101784,213.0
494,101888,213.0
495,101995,213.0
496,102098,213.0
497,102201,213.0
498,102308,213.0
499,102413,214.0
500,102517,214.0
501,102622,214.0
502,102728,213.0
503,102831,213.0
504,102935,213.0
505,103038,213.0
506,103142,213.0
507,103249,213.0
508,103351,213.0
509,103455,213.0
510,103559,213.0
511,103660,213.0
512,103767,213.0
513,103873,213.0
514,103978,213.0
515,104080,213.0
516,104187,213.0
517,104290,213.0
518,104399,213.0
519,104506,213.0
520,104610,213.0
521,104714,213.0
522,104822,213.0
523,104928,213.0
524,105031,213.0
525,105136,213.0
526,105237,213.0
527,105345,213.0
528,105450,213.0
529,105555,213.0
530,105660,213.0
531,105768,213.0
532,105874,213.0
533,105978,213.0
534,106085,213.0
535,106190,213.0
536,106298,213.0
537,106403,214.0
538,106503,214.0
539,106606,214.0
540,106709,214.0
541,106816,213.0
542,106920,213.0
543,107027,213.0
544,107130,213.0
545,107234,213.0
546,107338,213.0
547,107446,213.0
548,107551,213.0
549,107655,213.0
550,107759,213.0
551,107862,213.0
552,107965,214.0
553,108070,214.0
554,108173,214.0
555,108279,214.0
556,108381,214.0
557,108485,214.0
558,108590,214.0
559,108694,214.0
560,108798,214.0
561,108903,214.0
562,109006,214.0
563,109113,214.0
564,109217,214.0
565,109322,214.0
566,109428,214.0
567,109535,214.0
568,109639,214.0
569,109746,214.0
570,109852,214.0
571,109958,214.0
572,110062,214.0
573,110166,214.0
574,110273,214.0
575,110379,213.0
576,110480,213.0
577,110582,213.0
578,110686,213.0
579,110791,213.0
580,110896,214.0
581,111001,214.0
582,111106,214.0
583,111210,214.0
584,111316,214.0
585,111423,213.0
586,111527,213.0
587,111632,213.0
588,111736,213.0
589,111841,213.0
590,111944,213.0
591,112050,213.0
592,112155,213.0
593,112260,213.0
594,112365,213.0
595,112469,213.0
596,112573,214.0
597,112678,213.0
598,112783,214.0
599,112887,214.0
600,112993,214.0
601,113096,214.0
602,113203,214.0
603,113308,214.0
604,113413,214.0
605,113519,214.0
606,113626,213.0
607,113731,213.0
608,113836,213.0
609,113940,213.0
610,114045,213.0
611,114151,213.0
612,114255,213.0
613,114359,214.0
614,114462,213.0
615,114566,214.0
616,114671,213.0
617,114774,213.0
618,114876,213.0
619,114981,213.0
620,115086,213.0
621,115191,213.0
622,115295,213.0
623,115399,213.0
624,115506,213.0
625,115612,213.0
626,115718,213.0
627,115823,213.0
628,115929,213.0
629,116034,213.0
630,116138,213.0
631,116240,213.0
632,116343,213.0
633,116450,213.0
634,116554,213.0
635,116661,213.0
636,116766,213.0
637,116870,213.0
638,116977,213.0
639,117082,213.0
640,117186,213.0
641,117292,213.0
642,117396,213.0
643,117499,213.0
644,117603,213.0
645,117710,213.0
646,117816,213.0
647,117920,213.0
648,118025,213.0
649,118129,213.0
650,118235,213.0
651,118340,213.0
652,118445,213.0
653,118549,213.0
654,118656,213.0
655,118761,213.0
656,118867,213.0
657,118972,213.0
658,119077,213.0
659,119181,213.0
660,119287,213.0
661,119392,213.0
662,119498,213.0
663,119602,213.0
664,119705,213.0
665,119808,213.0
666,119913,213.0
667,120020,213.0
668,120125,213.0
669,120230,213.0
670,120336,213.0
671,120440,213.0
672,120544,213.0
673,120651,213.0
674,120756,213.0
675,120862,213.0
676,120967,213.0
677,121070,213.0
678,121175,213.0
679,121281,213.0
680,121385,213.0
681,121489,213.0
682,121596,213.0
683,121701,213.0
684,121809,213.0
685,121913,213.0
686,122020,213.0
687,122124,213.0
688,122226,213.0
689,122330,213.0
690,122437,213.0
691,122541,213.0
692,122645,213.0
693,122749,213.0
694,122852,213.0
695,122957,213.0
696,123060,213.0
697,123164,213.0
698,123268,213.0
699,123375,213.0
700,123478,213.0
701,123582,214.0
702,123687,213.0
703,123792,213.0
704,123896,213.0
705,124003,213.0
706,124107,213.0
707,124211,213.0
708,124314,214.0
709,124419,214.0
710,124523,214.0
711,124627,214.0
712,124733,214.0
713,124839,213.0
714,124943,213.0
715,125051,213.0
716,125157,213.0
717,125261,213.0
718,125365,213.0
719,125469,213.0
720,125575,213.0
721,125680,213.0
722,125784,213.0
723,125890,213.0
724,125995,213.0
725,126101,213.0
726,126206,213.0
727,126312,214.0
728,126417,213.0
729,126522,213.0
730,126628,213.0
731,126733,213.0
732,126838,213.0
733,126945,213.0
734,127049,213.0
735,127157,214.0
736,127261,213.0
737,127366,213.0
738,127474,213.0
739,127581,213.0
740,127689,213.0
741,127794,213.0
742,127899,213.0
743,128004,213.0
744,128107,213.0
745,128211,213.0
746,128313,213.0
747,128415,213.0
748,128521,213.0
749,128628,213.0
750,128731,213.0
751,128837,213.0
752,128942,213.0
753,129049,213.0
754,129154,213.0
755,129258,213.0
756,129364,213.0
757,129467,213.0
758,129571,213.0
759,129678,213.0
760,129782,214.0
761,129887,214.0
762,129995,214.0
763,130099,214.0
764,130203,213.0
765,130308,213.0
766,130411,213.0
767,130515,213.0
768,130621,213.0
769,130725,213.0
770,130829,214.0
771,130933,214.0
772,131040,213.0
773,131145,213.0
774,131246,214.0
775,131351,214.0
776,131456,213.0
777,131561,213.0
778,131665,214.0
779,131769,213.0
780,131876,213.0
781,131982,214.0
782,132087,214.0
783,132192,214.0
784,132300,214.0
785,132405,214.0
786,132512,214.0
787,132619,214.0
788,132723,213.0
789,132825,213.0
790,132928,213.0
791,133033,213.0
792,133138,213.0
793,133243,213.0
794,133349,213.0
795,133454,213.0
796,133561,213.0
797,133665,213.0
798,133769,213.0
799,133875,213.0
800,133977,213.0
801,134082,213.0
802,134185,213.0
803,134288,213.0
804,134393,213.0
805,134499,213.0
806,134606,213.0
807,134713,213.0
808,134815,213.0
809,134919,213.0
810,135020,213.0
811,135127,213.0
812,135232,213.0
813,135337,213.0
814,135443,213.0
815,135549,213.0
816,135655,213.0
817,135762,213.0
818,135867,213.0
819,135974,213.0
820,136080,213.0
821,136186,213.0
822,136290,213.0
823,136397,213.0
824,136502,214.0
825,136606,214.0
826,136709,213.0
827,136814,213.0
828,136920,213.0
829,137027,213.0
830,137132,213.0
831,137238,213.0
832,137343,213.0
833,137447,213.0
834,137551,213.0
835,137657,213.0
836,137762,213.0
837,137864,213.0
838,137969,213.0
839,138076,213.0
840,138181,213.0
841,138287,213.0
842,138392,213.0
843,138497,213.0
844,138603,213.0
845,138708,214.0
846,138814,214.0
847,138919,214.0
848,139024,213.0
849,139130,213.0
850,139237,213.0
851,139343,214.0
852,139446,213.0
853,139551,213.0
854,139658,213.0
855,139764,213.0
856,139869,213.0
857,139977,213.0
858,140083,213.0
859,140188,213.0
860,140291,213.0
861,140398,213.0
862,140502,213.0
863,140606,213.0
864,140712,213.0
865,140815,213.0
866,140920,213.0
867,141026,213.0
868,141129,213.0
869,141232,213.0
870,141338,213.0
871,141442,213.0
872,141549,213.0
873,141654,213.0
874,141759,213.0
875,141864,213.0
876,141967,213.0
877,142073,213.0
878,142176,213.0
879,142283,213.0
880,142387,213.0
881,142492,213.0
882,142596,213.0
883,142700,213.0
884,142804,213.0
885,142907,213.0
886,143012,213.0
887,143117,213.0
888,143221,213.0
889,143326,213.0
890,143430,213.0
891,143534,213.0
892,143638,213.0
893,143744,213.0
894,143848,213.0
895,143954,213.0
896,144056,213.0
897,144161,213.0
898,144263,213.0
899,144366,213.0
900,144474,213.0
901,144581,213.0
902,144684,213.0
903,144788,213.0
904,144894,213.0
905,145000,213.0
906,145106,213.0
907,145210,213.0
908,145316,213.0
909,145421,213.0
910,145525,213.0
911,145632,213.0
912,145738,213.0
913,145844,213.0
914,145950,214.0
915,146055,214.0
916,146160,214.0
917,146264,214.0
918,146370,214.0
919,146477,213.0
920,146581,213.0
921,146683,213.0
922,146787,213.0
923,146893,213.0
924,147001,214.0
925,147109,214.0
926,147214,214.0
927,147317,214.0
928,147421,214.0
929,147527,214.0
930,147633,214.0
931,147737,214.0
932,147841,214.0
933,147949,213.0
934,148053,213.0
935,148157,213.0
936,148262,213.0
937,148369,213.0
938,148475,213.0
939,148580,213.0
940,148682,213.0
941,148784,213.0
942,148890,213.0
943,148994,213.0
944,149101,213.0
945,149207,213.0
946,149310,213.0
947,149414,213.0
948,149517,213.0
949,149621,213.0
950,149726,213.0
951,149833,213.0
952,149938,213.0
953,150041,213.0
954,150144,213.0
955,150248,213.0
956,150352,213.0
957,150455,213.0
958,150560,213.0
959,150666,213.0
960,150772,213.0
961,150877,213.0
962,150983,214.0
963,151088,214.0
964,151194,214.0
965,151299,214.0
966,151404,214.0
967,151507,214.0
968,151609,214.0
969,151711,214.0
970,151817,213.0
971,151920,213.0
972,152024,213.0
973,152130,213.0
974,152234,213.0
975,152337,213.0
976,152443,213.0
977,152545,213.0
978,152648,213.0
979,152754,213.0
980,152859,213.0
981,152966,213.0
982,153070,213.0
983,153174,213.0
984,153279,213.0
985,153384,213.0
986,153488,213.0
987,153594,214.0
988,153699,214.0
989,153804,214.0
990,153910,214.0
991,154015,214.0
992,154118,214.0
993,154224,214.0
994,154331,214.0
995,154434,214.0
996,154541,213.0
997,154646,213.0
998,154752,213.0
999,154857,213.0
1000,154962,213.0
1001,155066,213.0
1002,155172,213.0
1003,155279,213.0
1004,155383,213.0
1005,155485,213.0
1006,155590,213.0
1007,155693,214.0
1008,155798,213.0
1009,155904,213.0
1010,156008,213.0
1011,156112,213.0
1012,156219,213.0
1013,156324,213.0
1014,156429,213.0
1015,156533,213.0
1016,156637,213.0
1017,156741,213.0
1018,156844,213.0
1019,156949,213.0
1020,157054,213.0
1021,157159,213.0
1022,157264,213.0
1023,157368,213.0
1024,157472,213.0
1025,157577,213.0
1026,157682,213.0
1027,157785,214.0
1028,157890,213.0
1029,157995,213.0
1030,158102,213.0
1031,158208,213.0
1032,158313,213.0
1033,158420,213.0
1034,158526,213.0
1035,158631,213.0
1036,158737,213.0
1037,158843,213.0
1038,158947,213.0
1039,159053,213.0
1040,159159,213.0
1041,159263,213.0
1042,159367,213.0
1043,159471,213.0
1044,159577,213.0
1045,159681,213.0
1046,159785,213.0
1047,159891,213.0
1048,159994,213.0
1049,160100,213.0
1050,160208,213.0
1051,160312,213.0
1052,160416,213.0
1053,160522,214.0
1054,160626,213.0
1055,160730,213.0
1056,160835,213.0
1057,160941,213.0
1058,161047,213.0
1059,161154,213.0
1060,161259,213.0
1061,161364,213.0
1062,161468,213.0
1063,161571,213.0
1064,161676,213.0
1065,161781,213.0
1066,161885,213.0
1067,161989,214.0
1068,162093,213.0
1069,162196,213.0
1070,162303,213.0
1071,162409,213.0
1072,162514,213.0
1073,162619,213.0
1074,162725,213.0
1075,162829,213.0
1076,162934,213.0
1077,163039,213.0
1078,163143,213.0
1079,163249,213.0
1080,163352,213.0
1081,163459,213.0
1082,163566,213.0
1083,163673,213.0
1084,163777,213.0
1085,163883,213.0
1086,163987,213.0
1087,164092,213.0
1088,164192,213.0
1089,164298,213.0
1090,164405,213.0
1091,164511,213.0
1092,164615,213.0
1093,164721,213.0
1094,164827,213.0
1095,164931,213.0
1096,165036,214.0
1097,165140,214.0
1098,165244,213.0
1099,165348,213.0
1100,165454,213.0
1101,165558,213.0
1102,165662,213.0
1103,165767,213.0
1104,165871,213.0
1105,165975,213.0
1106,166079,213.0
1107,166184,213.0
1108,166289,213.0
1109,166395,213.0
1110,166500,213.0
1111,166606,213.0
1112,166708,213.0
1113,166812,213.0
1114,166916,213.0
1115,167021,213.0
1116,167123,213.0
1117,167228,213.0
1118,167332,213.0
1119,167435,213.0
1120,167539,214.0
1121,167645,214.0
1122,167748,214.0
1123,167853,213.0
1124,167955,213.0
1125,168060,213.0
1126,168166,213.0
1127,168271,213.0
1128,168377,213.0
1129,168481,213.0
1130,168585,213.0
1131,168691,213.0
1132,168797,213.0
1133,168903,213.0
1134,169006,213.0
1135,169109,213.0
1136,169213,214.0
1137,169319,214.0
1138,169424,213.0
1139,169529,213.0
1140,169635,213.0
1141,169741,213.0
1142,169844,213.0
1143,169948,213.0
1144,170053,213.0
1145,170159,213.0
1146,170265,213.0
1147,170370,213.0
1148,170476,213.0
1149,170579,213.0
1150,170683,213.0
1151,170788,213.0
1152,170893,213.0
1153,171000,213.0
1154,171106,213.0
1155,171211,213.0
1156,171314,213.0
1157,171422,213.0
1158,171528,213.0
1159,171632,213.0
1160,171735,213.0
1161,171841,214.0
1162,171945,213.0
1163,172049,213.0
1164,172154,213.0
1165,172259,213.0
1166,172361,213.0
1167,172469,213.0
1168,172573,213.0
1169,172677,214.0
1170,172781,214.0
1171,172886,214.0
1172,172991,214.0
1173,173093,214.0
1174,173198,214.0
1175,173305,214.0
1176,173408,214.0
1177,173513,214.0
1178,173617,214.0
1179,173721,214.0
1180,173828,214.0
1181,173932,214.0
1182,174037,214.0
1183,174141,214.0
1184,174246,214.0
1185,174351,214.0
1186,174454,214.0
1187,174557,214.0
1188,174663,214.0
1189,174769,214.0
1190,174877,214.0
1191,174986,214.0
1192,175090,214.0
1193,175192,214.0
1194,175300,214.0
1195,175403,214.0
1196,175508,214.0
1197,175613,214.0
1198,175718,214.0
1199,175821,214.0
1200,175929,214.0
1201,176030,215.0
1202,176135,214.0
1203,176239,214.0
1204,176344,214.0
1205,176449,214.0
1206,176555,214.0
1207,176661,214.0
1208,176765,214.0
1209,176870,214.0
1210,176976,214.0
1211,177081,214.0
1212,177187,214.0
1213,177288,214.0
1214,177394,214.0
1215,177499,214.0
1216,177603,214.0
1217,177709,214.0
1218,177816,214.0
1219,177922,214.0
1220,178027,214.0
1221,178133,214.0
1222,178238,214.0
1223,178343,214.0
1224,178449,214.0
1225,178553,214.0
1226,178658,214.0
1227,178761,214.0
1228,178866,214.0
1229,178969,214.0
1230,179074,214.0
1231,179178,214.0
1232,179285,214.0
1233,179392,214.0
1234,179498,214.0
1235,179603,214.0
1236,179708,214.0
1237,179812,214.0
1238,179919,214.0
1239,180025,214.0
1240,180129,214.0
1241,180233,214.0
1242,180336,214.0
1243,180442,214.0
1244,180548,214.0
1245,180652,214.0
1246,180758,214.0
1247,180865,214.0
1248,180970,214.0
1249,181074,214.0
1250,181179,214.0
1251,181284,214.0
1252,181390,214.0
1253,181493,214.0
1254,181598,214.0
1255,181703,214.0
1256,181808,214.0
1257,181913,214.0
1258,182018,214.0
1259,182122,214.0
1260,182229,214.0
1261,182333,214.0
1262,182435,214.0
1263,182540,214.0
1264,182645,214.0
1265,182752,215.0
1266,182857,215.0
1267,182963,215.0
1268,183069,215.0
1269,183172,215.0
1270,183275,215.0
1271,183380,215.0
1272,183488,215.0
1273,183592,215.0
1274,183699,215.0
1275,183807,215.0
1276,183911,214.0
1277,184017,214.0
1278,184120,214.0
1279,184227,214.0
1280,184332,214.0
1281,184437,214.0
1282,184540,214.0
1283,184646,214.0
1284,184751,214.0
1285,184858,214.0
1286,184963,214.0
1287,185069,214.0
1288,185174,214.0
1289,185281,214.0
1290,185386,214.0
1291,185491,214.0
1292,185595,214.0
1293,185701,214.0
1294,185806,214.0
1295,185911,214.0
1296,186015,214.0
1297,186119,214.0
1298,186224,214.0
1299,186330,214.0
1300,186433,214.0
1301,186540,214.0
1302,186645,214.0
1303,186749,214.0
1304,186854,214.0
1305,186958,214.0
1306,187063,214.0
1307,187166,213.0
1308,187271,213.0
1309,187375,213.0
1310,187479,213.0
1311,187583,213.0
1312,187688,213.0
1313,187794,213.0
1314,187898,213.0
1315,188002,213.0
1316,188106,213.0
1317,188211,213.0
1318,188316,213.0
1319,188420,213.0
1320,188525,213.0
1321,188633,213.0
1322,188738,213.0
1323,188844,213.0
1324,188949,213.0
1325,189052,213.0
1326,189159,213.0
1327,189264,213.0
1328,189369,213.0
1329,189475,213.0
1330,189578,213.0
1331,189686,213.0
1332,189789,213.0
1333,189893,213.0
1334,189996,213.0
1335,190100,213.0
1336,190206,213.0
1337,190310,213.0
1338,190416,213.0
1339,190521,213.0
1340,190629,213.0
1341,190734,213.0
1342,190840,213.0
1343,190943,213.0
1344,191048,213.0
1345,191153,213.0
1346,191254,213.0
1347,191358,213.0
1348,191461,213.0
1349,191567,213.0
1350,191672,213.0
1351,191776,213.0
1352,191881,213.0
1353,191990,213.0
1354,192094,213.0
1355,192198,213.0
1356,192303,213.0
1357,192405,213.0
1358,192508,213.0
1359,192612,213.0
1360,192716,213.0
1361,192820,213.0
1362,192924,213.0
1363,193029,213.0
1364,193134,214.0
1365,193238,214.0
1366,193346,214.0
1367,193449,214.0
1368,193553,214.0
1369,193656,213.0
1370,193760,213.0
1371,193865,213.0
1372,193969,213.0
1373,194071,213.0
1374,194175,213.0
1375,194281,213.0
1376,194384,213.0
1377,194488,213.0
1378,194595,213.0
1379,194702,213.0
1380,194808,213.0
1381,194916,213.0
1382,195021,213.0
1383,195129,213.0
1384,195234,213.0
1385,195338,213.0
1386,195443,213.0
1387,195546,213.0
1388,195652,213.0
1389,195756,213.0
1390,195864,213.0
1391,195966,213.0
1392,196070,213.0
1393,196174,213.0
1394,196277,213.0
1395,196384,213.0
1396,196489,213.0
1397,196595,213.0
1398,196699,213.0
1399,196805,213.0
1400,196911,213.0
1401,197015,213.0
1402,197120,213.0
1403,197226,215.0
1404,197330,213.0
1405,197439,213.0
1406,197544,213.0
1407,197650,215.0
1408,197751,215.0
1409,197856,215.0
1410,197959,215.0
1411,198067,215.0
1412,198172,213.0
1413,198277,213.0
1414,198383,213.0
1415,198489,213.0
1416,198593,213.0
1417,198696,213.0
1418,198799,213.0
1419,198906,213.0
1420,199011,213.0
1421,199114,213.0
1422,199219,213.0
1423,199324,213.0
1424,199429,213.0
1425,199534,213.0
1426,199641,213.0
1427,199747,213.0
1428,199851,213.0
1429,199957,213.0
1430,200060,213.0
1431,200166,213.0
1432,200272,215.0
1433,200376,213.0
1434,200481,213.0
1435,200588,213.0
1436,200690,213.0
1437,200795,213.0
1438,200903,213.0
1439,201007,213.0
1440,201111,213.0
1441,201217,213.0
1442,201323,213.0
1443,201429,213.0
1444,201533,213.0
1445,201636,213.0
1446,201740,213.0
1447,201844,213.0
1448,201947,213.0
1449,202052,213.0
1450,202158,213.0
1451,202260,213.0
1452,202367,214.0
1453,202472,214.0
1454,202575,214.0
1455,202680,213.0
1456,202786,213.0
1457,202890,213.0
1458,202993,213.0
1459,203098,213.0
1460,203204,213.0
1461,203310,213.0
1462,203415,213.0
1463,203521,213.0
1464,203626,213.0
1465,203731,213.0
1466,203838,213.0
1467,203942,213.0
1468,204049,213.0
1469,204154,213.0
1470,204259,213.0
1471,204363,213.0
1472,204468,213.0
1473,204571,213.0
1474,204678,213.0
1475,204787,213.0
1476,204890,214.0
1477,204995,213.0
1478,205103,213.0
1479,205208,213.0
1480,205313,213.0
1481,205419,213.0
1482,205524,213.0
1483,205628,213.0
1484,205731,213.0
1485,205834,213.0
1486,205941,213.0
1487,206048,213.0
1488,206151,213.0
1489,206256,213.0
1490,206360,213.0
1491,206464,213.0
1492,206569,213.0
1493,206673,213.0
1494,206777,213.0
1495,206885,213.0
1496,206989,213.0
1497,207094,213.0
1498,207198,213.0
1499,207305,213.0
1500,207409,213.0
1501,207517,213.0
1502,207620,213.0
1503,207723,213.0
1504,207829,213.0
1505,207931,213.0
1506,208036,213.0
1507,208139,213.0
1508,208247,213.0
1509,208352,213.0
1510,208457,213.0
1511,208564,213.0
1512,208669,213.0
1513,208771,213.0
1514,208880,213.0
1515,208985,213.0
1516,209091,213.0
1517,209195,213.0
1518,209300,213.0
1519,209406,213.0
1520,209511,213.0
1521,209614,213.0
1522,209720,213.0
1523,209824,213.0
1524,209927,213.0
1525,210031,213.0
1526,210139,213.0
1527,210244,213.0
1528,210349,213.0
1529,210455,213.0
1530,210563,213.0
1531,210668,213.0
1532,210775,213.0
1533,210881,213.0
1534,210988,213.0
1535,211093,213.0
1536,211198,215.0
1537,211301,215.0
1538,211405,215.0
1539,211511,215.0
1540,211618,215.0
1541,211721,215.0
1542,211827,215.0
1543,211933,215.0
1544,212038,215.0
1545,212142,215.0
1546,212246,215.0
1547,212350,215.0
1548,212455,215.0
1549,212561,215.0
1550,212667,215.0
1551,212771,215.0
1552,212878,215.0
1553,212982,215.0
1554,213085,215.0
1555,213190,215.0
1556,213294,215.0
1557,213398,215.0
1558,213500,215.0
1559,213605,215.0
1560,213711,215.0
1561,213815,215.0
1562,213921,215.0
1563,214024,215.0
1564,214128,215.0
1565,214232,215.0
1566,214336,215.0
1567,214443,215.0
1568,214550,215.0
1569,214656,215.0
1570,214761,215.0
1571,214869,215.0
1572,214973,215.0
1573,215078,215.0
1574,215181,215.0
1575,215284,215.0
1576,215388,215.0
1577,215494,215.0
1578,215598,215.0
1579,215702,216.0
1580,215810,216.0
1581,215911,216.0
1582,216020,216.0
1583,216124,216.0
1584,216229,216.0
1585,216336,216.0
1586,216440,216.0
1587,216545,216.0
1588,216648,216.0
1589,216753,216.0
1590,216855,215.0
1591,216960,215.0
1592,217065,215.0
1593,217169,215.0
1594,217276,215.0
1595,217380,215.0
1596,217486,215.0
1597,217588,215.0
1598,217693,215.0
1599,217797,215.0
1600,217905,215.0
1601,218009,215.0
1602,218113,215.0
1603,218217,215.0
1604,218322,215.0
1605,218428,215.0
1606,218533,215.0
1607,218641,215.0
1608,218746,215.0
1609,218854,215.0
1610,218956,215.0
1611,219063,215.0
1612,219167,215.0
1613,219272,215.0
1614,219376,215.0
1615,219479,215.0
1616,219585,215.0
1617,219689,215.0
1618,219793,215.0
1619,219896,215.0
1620,220001,215.0
1621,220107,215.0
1622,220212,215.0
1623,220318,215.0
1624,220425,215.0
1625,220529,215.0
1626,220634,215.0
1627,220740,215.0
1628,220847,215.0
1629,220952,215.0
1630,221057,215.0
1631,221166,215.0
1632,221271,215.0
1633,221376,215.0
1634,221477,215.0
1635,221582,215.0
1636,221685,215.0
1637,221790,215.0
1638,221894,215.0
1639,222000,215.0
1640,222108,215.0
1641,222213,215.0
1642,222318,215.0
1643,222421,215.0
1644,222523,215.0
1645,222628,215.0
1646,222730,215.0
1647,222835,215.0
1648,222937,215.0
1649,223040,215.0
1650,223146,215.0
1651,223253,215.0
1652,223359,215.0
1653,223466,215.0
1654,223570,215.0
1655,223676,215.0
1656,223778,216.0
1657,223883,216.0
1658,223987,215.0
1659,224092,215.0
1660,224198,215.0
1661,224302,215.0
1662,224406,215.0
1663,224511,215.0
1664,224615,215.0
1665,224719,215.0
1666,224827,215.0
1667,224932,215.0
1668,225036,215.0
1669,225139,215.0
1670,225245,215.0
1671,225354,215.0
1672,225457,215.0
1673,225561,215.0
1674,225667,215.0
1675,225771,215.0
1676,225877,215.0
1677,225984,215.0
1678,226092,215.0
1679,226199,215.0
1680,226302,215.0
1681,226407,215.0
1682,226510,215.0
1683,226616,215.0
1684,226720,216.0
1685,226825,215.0
1686,226930,215.0
1687,227035,215.0
1688,227142,215.0
1689,227247,215.0
1690,227352,215.0
1691,227455,215.0
1692,227559,215.0
1693,227665,215.0
1694,227769,215.0
1695,227870,215.0
1696,227975,215.0
1697,228082,215.0
1698,228188,215.0
1699,228293,215.0
1700,228398,215.0
1701,228502,215.0
1702,228604,215.0
1703,228709,215.0
1704,228815,215.0
1705,228920,215.0
1706,229022,215.0
1707,229125,215.0
1708,229230,215.0
1709,229336,215.0
1710,229442,215.0
1711,229548,215.0
1712,229653,215.0
1713,229761,216.0
1714,229865,215.0
1715,229971,215.0
1716,230077,215.0
1717,230183,215.0
1718,230288,215.0
1719,230394,215.0
1720,230498,215.0
1721,230603,215.0
1722,230707,215.0
1723,230811,215.0
1724,230916,215.0
1725,231021,215.0
1726,231126,215.0
1727,231232,215.0
1728,231337,215.0
1729,231440,215.0
1730,231544,215.0
1731,231650,215.0
1732,231756,215.0
1733,231863,215.0
1734,231970,216.0
1735,232075,215.0
1736,232177,215.0
1737,232282,215.0
1738,232387,215.0
1739,232492,215.0
1740,232600,215.0
1741,232706,215.0
1742,232814,215.0
1743,232922,215.0
1744,233026,215.0
1745,233130,215.0
1746,233233,215.0
1747,233337,215.0
1748,233442,215.0
1749,233547,215.0
1750,233652,215.0
1751,233756,215.0
1752,233859,215.0
1753,233962,215.0
1754,234067,215.0
1755,234173,215.0
1756,234277,215.0
1757,234385,215.0
1758,234489,215.0
1759,234593,215.0
1760,234698,215.0
1761,234806,215.0
1762,234911,215.0
1763,235015,215.0
1764,235120,215.0
1765,235228,215.0
1766,235334,215.0
1767,235437,215.0
1768,235543,215.0
1769,235648,215.0
1770,235751,215.0
1771,235854,215.0
1772,235958,215.0
1773,236061,215.0
1774,236166,215.0
1775,236272,215.0
1776,236378,215.0
1777,236482,215.0
1778,236587,215.0
1779,236692,215.0
1780,236798,215.0
1781,236904,215.0
1782,237010,215.0
1783,237114,215.0
1784,237218,215.0
1785,237325,215.0
1786,237428,215.0
1787,237532,215.0
1788,237635,215.0
1789,237740,215.0
1790,237844,215.0
1791,237949,215.0
1792,238054,215.0
1793,238158,215.0
1794,238265,215.0
1795,238369,215.0
1796,238474,215.0
1797,238577,215.0
1798,238681,215.0
1799,238787,215.0
1800,238893,215.0
1801,238998,215.0
1802,239101,215.0
1803,239206,215.0
1804,239310,215.0
1805,239415,215.0
1806,239521,215.0
1807,239625,215.0
1808,239731,215.0
1809,239834,215.0
1810,239939,215.0
1811,240044,216.0
1812,240152,216.0
1813,240256,216.0
1814,240362,216.0
1815,240467,216.0
1816,240574,216.0
1817,240681,216.0
1818,240786,216.0
1819,240891,216.0
1820,240996,215.0
1821,241099,215.0
1822,241204,215.0
1823,241310,215.0
1824,241415,215.0
1825,241520,215.0
1826,241622,215.0
1827,241725,215.0
1828,241829,215.0
1829,241933,215.0
1830,242039,215.0
1831,242145,215.0
1832,242250,215.0
1833,242355,215.0
1834,242458,215.0
1835,242561,215.0
1836,242666,215.0
1837,242771,215.0
1838,242876,215.0
1839,242980,215.0
1840,243086,215.0
1841,243191,215.0
1842,243296,215.0
1843,243404,215.0
1844,243509,215.0
1845,243614,215.0
1846,243720,215.0
1847,243827,215.0
1848,243933,215.0
1849,244041,215.0
1850,244145,215.0
1851,244251,215.0
1852,244354,215.0
1853,244461,215.0
1854,244567,215.0
1855,244671,215.0
1856,244774,215.0
1857,244878,215.0
1858,244983,215.0
1859,245088,215.0
1860,245194,215.0
1861,245299,215.0
1862,245405,215.0
1863,245513,215.0
1864,245619,215.0
1865,245725,215.0
1866,245832,215.0
1867,245937,215.0
1868,246042,215.0
1869,246147,215.0
1870,246252,215.0
1871,246355,215.0
1872,246459,215.0
1873,246563,215.0
1874,246666,215.0
1875,246772,215.0
1876,246876,215.0
1877,246978,215.0
1878,247085,215.0
1879,247190,215.0
1880,247294,215.0
1881,247396,215.0
1882,247500,215.0
1883,247602,215.0
1884,247709,215.0
1885,247812,215.0
1886,247918,215.0
1887,248022,215.0
1888,248128,215.0
1889,248233,215.0
1890,248339,215.0
1891,248443,215.0
1892,248547,216.0
1893,248651,215.0
1894,248756,215.0
1895,248860,215.0
1896,248966,215.0
1897,249070,215.0
1898,249173,215.0
1899,249278,215.0
1900,249382,215.0
1901,249488,215.0
1902,249594,215.0
1903,249701,215.0
1904,249805,215.0
1905,249910,215.0
1906,250016,215.0
1907,250122,215.0
1908,250225,215.0
1909,250331,215.0
1910,250436,215.0
1911,250537,215.0
1912,250640,215.0
1913,250745,215.0
1914,250849,215.0
1915,250955,215.0
1916,251060,215.0
1917,251165,215.0
1918,251271,215.0
1919,251376,215.0
1920,251480,215.0
1921,251585,215.0
1922,251688,215.0
1923,251790,215.0
1924,251893,215.0
1925,251998,215.0
1926,252103,215.0
1927,252209,215.0
1928,252311,215.0
1929,252415,215.0
1930,252518,215.0
1931,252623,215.0
1932,252726,215.0
1933,252830,215.0
1934,252935,216.0
1935,253039,215.0
1936,253140,215.0
1937,253247,215.0
1938,253354,215.0
1939,253459,215.0
1940,253563,215.0
1941,253665,215.0
1942,253768,215.0
1943,253870,215.0
1944,253975,215.0
1945,254080,215.0
1946,254185,215.0
1947,254290,215.0
1948,254395,215.0
1949,254502,215.0
1950,254607,215.0
1951,254713,215.0
1952,254818,215.0
1953,254924,215.0
1954,255027,215.0
1955,255131,215.0
1956,255234,215.0
1957,255340,215.0
1958,255446,215.0
1959,255549,215.0
1960,255652,215.0
1961,255759,215.0
1962,255866,215.0
1963,255970,215.0
1964,256076,215.0
1965,256180,215.0
1966,256285,216.0
1967,256388,216.0
1968,256493,216.0
1969,256599,217.0
1970,256705,217.0
1971,256809,217.0
1972,256912,217.0
1973,257016,217.0
1974,257122,217.0
1975,257227,217.0
1976,257332,217.0
1977,257435,217.0
1978,257540,217.0
1979,257648,217.0
1980,257752,217.0
1981,257856,217.0
1982,257962,217.0
1983,258067,217.0
1984,258172,217.0
1985,258278,217.0
1986,258385,217.0
1987,258491,217.0
1988,258595,217.0
1989,258697,217.0
1990,258802,217.0
1991,258905,217.0
1992,259011,217.0
1993,259114,217.0
1994,259218,217.0
1995,259325,217.0
1996,259432,215.0
1997,259536,215.0
1998,259641,215.0
1999,259746,215.0
2000,259852,215.0
2001,259957,216.0
2002,260060,215.0
2003,260166,215.0
2004,260268,216.0
2005,260371,216.0
2006,260479,216.0
2007,260582,216.0
2008,260688,216.0
2009,260792,216.0
2010,260896,216.0
2011,261000,216.0
2012,261105,215.0
2013,261207,215.0
2014,261312,215.0
2015,261418,215.0
2016,261524,215.0
2017,261631,215.0
2018,261736,215.0
2019,261839,216.0
2020,261944,215.0
2021,262047,215.0
2022,262155,215.0
2023,262257,215.0
2024,262362,215.0
2025,262468,215.0
2026,262575,215.0
2027,262681,215.0
2028,262785,216.0
2029,262890,216.0
2030,262994,216.0
2031,263098,216.0
2032,263203,215.0
2033,263309,215.0
2034,263414,216.0
2035,263517,216.0
2036,263623,216.0
2037,263728,216.0
2038,263832,216.0
2039,263938,215.0
2040,264041,215.0
2041,264145,215.0
2042,264251,215.0
2043,264356,215.0
2044,264462,215.0
2045,264566,215.0
2046,264671,215.0
2047,264775,215.0
2048,264879,215.0
2049,264982,215.0
2050,265088,215.0
2051,265193,215.0
2052,265298,216.0
2053,265399,216.0
2054,265503,216.0
2055,265609,216.0
2056,265713,217.0
2057,265817,216.0
2058,265925,216.0
2059,266030,216.0
2060,266134,216.0
2061,266241,216.0
2062,266348,216.0
2063,266453,216.0
2064,266558,215.0
2065,266662,215.0
2066,266765,215.0
2067,266870,215.0
2068,266978,215.0
2069,267084,215.0
2070,267191,215.0
2071,267296,215.0
2072,267403,215.0
2073,267509,215.0
2074,267616,215.0
2075,267721,215.0
2076,267825,215.0
2077,267930,215.0
2078,268034,215.0
2079,268137,215.0
2080,268241,215.0
2081,268342,215.0
2082,268447,215.0
2083,268552,215.0
2084,268656,215.0
2085,268764,215.0
2086,268869,215.0
2087,268976,215.0
2088,269081,216.0
2089,269187,215.0
2090,269293,215.0
2091,269401,215.0
2092,269507,215.0
2093,269610,215.0
2094,269716,215.0
2095,269821,216.0
2096,269924,215.0
2097,270028,216.0
2098,270131,216.0
2099,270236,216.0
2100,270339,216.0
2101,270446,216.0
2102,270548,216.0
2103,270652,216.0
2104,270759,216.0
2105,270864,216.0
2106,270968,216.0
2107,271073,216.0
2108,271180,216.0
2109,271285,216.0
2110,271393,216.0
2111,271497,216.0
2112,271603,216.0
2113,271707,216.0
2114,271812,216.0
2115,271915,216.0
2116,272018,216.0
2117,272123,216.0
2118,272229,215.0
2119,272335,215.0
2120,272441,215.0
2121,272549,215.0
2122,272654,215.0
2123,272757,215.0
2124,272863,215.0
2125,272968,215.0
2126,273073,215.0
2127,273177,215.0
2128,273281,215.0
2129,273388,215.0
2130,273494,215.0
2131,273598,215.0
2132,273705,215.0
2133,273810,216.0
2134,273913,215.0
2135,274017,215.0
2136,274121,215.0
2137,274227,215.0
2138,274331,215.0
2139,274436,215.0
2140,274540,215.0
2141,274643,215.0
2142,274747,215.0
2143,274853,215.0
2144,274955,215.0
2145,275063,215.0
2146,275169,215.0
2147,275274,215.0
2148,275379,215.0
2149,275483,216.0
2150,275589,216.0
2151,275694,216.0
2152,275798,216.0
2153,275902,216.0
2154,276007,215.0
2155,276112,215.0
2156,276216,215.0
2157,276319,215.0
2158,276424,215.0
2159,276528,215.0
2160,276630,215.0
2161,276733,215.0
2162,276836,215.0
2163,276941,215.0
2164,277046,215.0
2165,277151,215.0
2166,277253,215.0
2167,277359,215.0
2168,277464,215.0
2169,277567,215.0
2170,277674,215.0
2171,277780,215.0
2172,277886,215.0
2173,277992,215.0
2174,278096,215.0
2175,278201,215.0
2176,278304,215.0
2177,278407,215.0
2178,278513,215.0
2179,278620,215.0
2180,278726,216.0
2181,278833,216.0
2182,278936,216.0
2183,279039,216.0
2184,279143,216.0
2185,279248,216.0
2186,279354,216.0
2187,279459,216.0
2188,279563,216.0
2189,279668,216.0
2190,279770,216.0
2191,279877,216.0
2192,279983,216.0
2193,280089,216.0
2194,280194,216.0
2195,280300,216.0
2196,280403,216.0
2197,280506,216.0
2198,280610,216.0
2199,280713,216.0
2200,280818,216.0
2201,280921,216.0
2202,281025,216.0
2203,281128,216.0
2204,281232,216.0
2205,281337,216.0
2206,281443,216.0
2207,281549,216.0
2208,281654,216.0
2209,281758,216.0
2210,281863,216.0
2211,281968,216.0
2212,282071,216.0
2213,282177,216.0
2214,282281,216.0
2215,282384,216.0
2216,282486,216.0
2217,282591,216.0
2218,282697,216.0
2219,282803,216.0
2220,282907,216.0
2221,283010,216.0
2222,283118,216.0
2223,283221,216.0
2224,283324,216.0
2225,283428,216.0
2226,283531,216.0
2227,283635,216.0
2228,283740,216.0
2229,283846,216.0
2230,283949,216.0
2231,284052,216.0
2232,284155,216.0
2233,284258,216.0
2234,284363,216.0
2235,284468,216.0
2236,284573,216.0
2237,284680,216.0
2238,284784,216.0
2239,284890,216.0
2240,284996,216.0
2241,285100,216.0
2242,285204,216.0
2243,285308,216.0
2244,285413,216.0
2245,285518,216.0
2246,285624,216.0
2247,285729,216.0
2248,285832,216.0
2249,285936,216.0
2250,286040,216.0
2251,286146,216.0
2252,286250,216.0
2253,286354,216.0
2254,286457,216.0
2255,286565,216.0
2256,286670,216.0
2257,286773,216.0
2258,286878,216.0
2259,286983,216.0
2260,287087,216.0
2261,287194,216.0
2262,287295,216.0
2263,287400,216.0
2264,287503,216.0
2265,287611,216.0
2266,287714,216.0
2267,287817,216.0
2268,287922,216.0
2269,288029,216.0
2270,288131,216.0
2271,288236,216.0
2272,288342,216.0
2273,288445,216.0
2274,288551,216.0
2275,288655,216.0
2276,288762,216.0
2277,288866,216.0
2278,288971,216.0
2279,289077,216.0
2280,289182,216.0
2281,289287,216.0
2282,289392,216.0
2283,289500,216.0
2284,289603,216.0
2285,289709,216.0
2286,289816,216.0
2287,289919,216.0
2288,290022,216.0
2289,290127,216.0
2290,290230,216.0
2291,290335,216.0
2292,290442,216.0
2293,290546,216.0
2294,290650,216.0
2295,290757,216.0
2296,290864,216.0
2297,290969,216.0
2298,291076,216.0
2299,291180,216.0
2300,291283,216.0
2301,291386,216.0
2302,291491,216.0
2303,291597,216.0
2304,291702,216.0
2305,291805,217.0
2306,291911,216.0
2307,292015,216.0
2308,292120,216.0
2309,292226,216.0
2310,292330,216.0
2311,292435,216.0
2312,292536,216.0
2313,292642,216.0
2314,292749,216.0
2315,292856,216.0
2316,292960,216.0
2317,293067,216.0
2318,293172,216.0
2319,293277,216.0
2320,293383,216.0
2321,293486,216.0
2322,293590,216.0
2323,293694,216.0
2324,293798,216.0
2325,293901,216.0
2326,294005,216.0
2327,294112,216.0
2328,294217,216.0
2329,294324,216.0
2330,294430,216.0
2331,294534,216.0
2332,294641,216.0
2333,294745,216.0
2334,294850,216.0
2335,294956,216.0
2336,295060,216.0
2337,295165,216.0
2338,295270,216.0
2339,295378,216.0
2340,295484,216.0
2341,295588,216.0
2342,295689,216.0
2343,295791,216.0
2344,295896,216.0
2345,296003,216.0
2346,296107,216.0
2347,296212,216.0
2348,296315,216.0
2349,296420,216.0
2350,296525,216.0
2351,296629,216.0
2352,296734,216.0
2353,296840,216.0
2354,296942,216.0
2355,297046,216.0
2356,297152,216.0
2357,297259,216.0
2358,297363,216.0
2359,297468,216.0
2360,297573,216.0
2361,297680,216.0
2362,297783,216.0
2363,297889,216.0
2364,297993,216.0
2365,298098,216.0
2366,298202,216.0
2367,298306,216.0
2368,298411,216.0
2369,298517,216.0
2370,298620,216.0
2371,298724,216.0
2372,298827,216.0
2373,298935,216.0
2374,299040,216.0
2375,299142,216.0
2376,299248,216.0
2377,299352,216.0
2378,299456,216.0
2379,299558,216.0
2380,299664,216.0
2381,299771,216.0
2382,299875,216.0
2383,299978,216.0
2384,300083,216.0
2385,300185,216.0
2386,300290,216.0
2387,300392,216.0
2388,300499,216.0
2389,300607,216.0
2390,300713,216.0
2391,300820,216.0
2392,300927,216.0
2393,301032,216.0
2394,301137,216.0
2395,301241,216.0
2396,301343,216.0
2397,301449,216.0
2398,301555,216.0
2399,301659,216.0
2400,301766,216.0
2401,301872,216.0
2402,301977,216.0
2403,302083,216.0
2404,302189,216.0
2405,302292,216.0
2406,302396,216.0
2407,302501,216.0
2408,302603,216.0
2409,302706,216.0
2410,302813,216.0
2411,302918,216.0
2412,303023,216.0
2413,303131,216.0
2414,303239,216.0
2415,303341,216.0
2416,303444,216.0
2417,303548,216.0
2418,303651,216.0
2419,303756,216.0
2420,303860,216.0
2421,303965,216.0
2422,304069,216.0
2423,304175,216.0
2424,304281,216.0
2425,304386,216.0
2426,304489,216.0
2427,304592,216.0
2428,304694,216.0
2429,304799,216.0
2430,304907,216.0
2431,305013,216.0
2432,305120,216.0
2433,305224,216.0
2434,305329,216.0
2435,305436,216.0
2436,305540,216.0
2437,305645,216.0
2438,305750,216.0
2439,305855,216.0
2440,305958,216.0
2441,306064,216.0
2442,306170,216.0
2443,306275,216.0
2444,306377,216.0
2445,306483,216.0
2446,306588,216.0
2447,306691,216.0
2448,306798,216.0
2449,306904,216.0
2450,307008,216.0
2451,307111,216.0
2452,307218,216.0
2453,307322,216.0
2454,307427,216.0
2455,307531,216.0
2456,307634,216.0
2457,307739,216.0
2458,307844,216.0
2459,307948,216.0
2460,308052,216.0
2461,308157,216.0
2462,308264,216.0
2463,308369,216.0
2464,308475,216.0
2465,308580,216.0
2466,308684,216.0
2467,308787,216.0
2468,308893,216.0
2469,308996,216.0
2470,309102,216.0
2471,309208,216.0
2472,309314,216.0
2473,309417,216.0
2474,309522,216.0
2475,309628,216.0
2476,309734,216.0
2477,309839,216.0
2478,309944,216.0
2479,310048,216.0
2480,310154,216.0
2481,310258,216.0
2482,310363,216.0
2483,310469,216.0
2484,310572,216.0
2485,310677,216.0
2486,310782,216.0
2487,310888,216.0
2488,310993,216.0
2489,311098,216.0
2490,311204,216.0
2491,311311,216.0
2492,311420,216.0
2493,311524,216.0
2494,311629,216.0
2495,311732,216.0
2496,311837,216.0
2497,311945,216.0
2498,312050,216.0
2499,312153,216.0
2500,312256,216.0
2501,312362,216.0
2502,312466,216.0
2503,312571,216.0
2504,312674,216.0
2505,312779,216.0
2506,312885,216.0
2507,312989,216.0
2508,313095,216.0
2509,313199,216.0
2510,313305,216.0
2511,313410,216.0
2512,313518,216.0
2513,313622,216.0
2514,313726,216.0
2515,313832,216.0
2516,313936,216.0
2517,314041,216.0
2518,314144,216.0
2519,314248,216.0
2520,314353,216.0
2521,314459,216.0
2522,314561,216.0
2523,314663,216.0
2524,314768,216.0
2525,314872,216.0
2526,314977,216.0
2527,315079,216.0
2528,315187,216.0
2529,315292,216.0
2530,315394,216.0
2531,315498,216.0
2532,315603,216.0
2533,315708,216.0
2534,315813,216.0
2535,315916,216.0
2536,316022,216.0
2537,316126,216.0
2538,316232,216.0
2539,316338,216.0
2540,316442,216.0
2541,316548,216.0
2542,316653,216.0
2543,316757,216.0
2544,316861,216.0
2545,316966,216.0
2546,317070,216.0
2547,317174,216.0
2548,317279,216.0
2549,317381,216.0
2550,317486,216.0
2551,317590,216.0
2552,317693,216.0
2553,317799,216.0
2554,317905,216.0
2555,318007,216.0
2556,318110,216.0
2557,318216,216.0
2558,318321,215.0
2559,318422,215.0
2560,318526,216.0
2561,318632,216.0
2562,318737,216.0
2563,318840,215.0
2564,318944,215.0
2565,319050,215.0
2566,319152,215.0
2567,319256,215.0
2568,319361,215.0
2569,319465,215.0
2570,319570,215.0
2571,319675,216.0
2572,319780,215.0
2573,319886,215.0
2574,319992,215.0
2575,320099,215.0
2576,320205,215.0
2577,320311,215.0
2578,320416,215.0
2579,320521,216.0
2580,320624,216.0
2581,320730,216.0
2582,320837,215.0
2583,320941,215.0
2584,321045,215.0
2585,321150,215.0
2586,321254,215.0
2587,321361,215.0
2588,321469,215.0
2589,321575,216.0
2590,321680,215.0
2591,321786,215.0
2592,321891,216.0
2593,321994,216.0
2594,322101,216.0
2595,322205,216.0
2596,322307,216.0
2597,322414,216.0
2598,322519,215.0
2599,322623,216.0
2600,322728,216.0
2601,322834,216.0
2602,322937,216.0
2603,323042,216.0
2604,323145,216.0
2605,323251,216.0
2606,323356,216.0
2607,323462,216.0
2608,323567,216.0
2609,323671,216.0
2610,323775,216.0
2611,323880,216.0
2612,323987,216.0
2613,324093,216.0
2614,324199,216.0
2615,324306,216.0
2616,324413,216.0
2617,324519,216.0
2618,324623,216.0
2619,324727,216.0
2620,324834,216.0
2621,324940,216.0
2622,325045,216.0
2623,325151,216.0
2624,325256,216.0
2625,325360,216.0
2626,325463,216.0
2627,325569,216.0
2628,325675,216.0
2629,325780,216.0
2630,325884,216.0
2631,325988,216.0
2632,326093,216.0
2633,326201,216.0
2634,326304,216.0
2635,326408,216.0
2636,326512,216.0
2637,326615,216.0
2638,326718,216.0
2639,326824,216.0
2640,326928,216.0
2641,327034,216.0
2642,327138,216.0
2643,327241,216.0
2644,327346,216.0
2645,327448,216.0
2646,327552,216.0
2647,327657,216.0
2648,327761,216.0
2649,327866,216.0
2650,327972,216.0
2651,328077,216.0
2652,328182,216.0
2653,328288,216.0
2654,328394,216.0
2655,328500,216.0
2656,328606,216.0
2657,328711,216.0
2658,328815,216.0
2659,328919,216.0
2660,329024,216.0
2661,329129,216.0
2662,329233,216.0
2663,329341,216.0
2664,329444,216.0
2665,329549,216.0
2666,329653,216.0
2667,329760,216.0
2668,329868,216.0
2669,329972,216.0
2670,330076,216.0
2671,330185,216.0
2672,330288,216.0
2673,330392,216.0
2674,330496,216.0
2675,330602,216.0
2676,330708,216.0
2677,330813,216.0
2678,330916,217.0
2679,331019,216.0
2680,331123,216.0
2681,331228,217.0
2682,331333,216.0
2683,331438,216.0
2684,331543,216.0
2685,331646,216.0
2686,331750,216.0
2687,331856,216.0
2688,331962,216.0
2689,332066,216.0
2690,332174,216.0
2691,332280,216.0
2692,332384,216.0
2693,332490,216.0
2694,332595,216.0
2695,332700,216.0
2696,332807,216.0
2697,332910,216.0
2698,333015,216.0
2699,333120,216.0
2700,333227,216.0
2701,333332,216.0
2702,333434,216.0
2703,333538,216.0
2704,333644,216.0
2705,333747,216.0
2706,333852,216.0
2707,333958,216.0
2708,334062,216.0
2709,334165,216.0
2710,334268,216.0
2711,334373,216.0
2712,334479,216.0
2713,334586,216.0
2714,334688,216.0
2715,334793,216.0
2716,334899,216.0
2717,335004,216.0
2718,335110,216.0
2719,335216,216.0
2720,335319,216.0
2721,335423,216.0
2722,335531,216.0
2723,335637,216.0
2724,335742,216.0
2725,335851,216.0
2726,335956,216.0
2727,336062,216.0
2728,336168,216.0
2729,336272,216.0
2730,336378,216.0
2731,336484,216.0
2732,336590,216.0
2733,336697,216.0
2734,336803,216.0
2735,336908,216.0
2736,337014,216.0
2737,337121,216.0
2738,337227,216.0
2739,337334,216.0
2740,337438,216.0
2741,337545,216.0
2742,337650,216.0
2743,337753,216.0
2744,337859,216.0
2745,337966,216.0
2746,338071,216.0
2747,338177,216.0
2748,338283,216.0
2749,338387,216.0
2750,338490,216.0
2751,338594,216.0
2752,338695,216.0
2753,338800,216.0
2754,338906,216.0
2755,339010,216.0
2756,339115,216.0
2757,339222,216.0
2758,339328,216.0
2759,339432,216.0
2760,339535,216.0
2761,339641,216.0
2762,339746,216.0
2763,339851,216.0
2764,339958,216.0
2765,340063,216.0
2766,340166,216.0
2767,340268,216.0
2768,340373,216.0
2769,340475,216.0
2770,340582,216.0
2771,340688,216.0
2772,340791,216.0
2773,340896,216.0
2774,341000,216.0
2775,341104,216.0
2776,341205,216.0
2777,341309,216.0
2778,341414,216.0
2779,341517,216.0
2780,341625,216.0
2781,341729,216.0
2782,341835,216.0
2783,341940,216.0
2784,342042,216.0
2785,342147,216.0
2786,342252,216.0
2787,342358,216.0
2788,342459,216.0
2789,342562,216.0
2790,342665,216.0
2791,342769,216.0
2792,342876,216.0
2793,342980,216.0
2794,343084,216.0
2795,343188,216.0
2796,343293,216.0
2797,343396,216.0
2798,343501,216.0
2799,343607,216.0
2800,343712,216.0
2801,343817,216.0
2802,343922,216.0
2803,344028,216.0
2804,344134,216.0
2805,344237,216.0
2806,344341,216.0
2807,344447,216.0
2808,344550,216.0
2809,344654,216.0
2810,344757,216.0
2811,344860,216.0
2812,344966,216.0
2813,345070,216.0
2814,345175,217.0
2815,345278,217.0
2816,345384,217.0
2817,345491,217.0
2818,345596,217.0
2819,345699,218.0
2820,345803,216.0
2821,345907,216.0
2822,346010,216.0
2823,346117,216.0
2824,346222,216.0
2825,346328,216.0
2826,346435,216.0
2827,346541,216.0
2828,346647,216.0
2829,346754,216.0
2830,346860,216.0
2831,346964,216.0
2832,347066,216.0
2833,347169,216.0
2834,347273,216.0
2835,347378,216.0
2836,347483,216.0
2837,347588,216.0
2838,347693,216.0
2839,347797,216.0
2840,347902,216.0
2841,348005,216.0
2842,348112,216.0
2843,348217,216.0
2844,348322,216.0
2845,348428,216.0
2846,348537,216.0
2847,348644,216.0
2848,348749,216.0
2849,348852,216.0
2850,348954,216.0
2851,349058,216.0
2852,349164,216.0
2853,349267,216.0
2854,349369,216.0
2855,349475,216.0
2856,349580,216.0
2857,349682,216.0
2858,349787,216.0
2859,349893,216.0
2860,349997,216.0
2861,350102,216.0
2862,350207,216.0
2863,350313,216.0
2864,350418,216.0
2865,350524,216.0
2866,350631,216.0
2867,350735,216.0
2868,350837,216.0
2869,350943,216.0
2870,351046,216.0
2871,351151,216.0
2872,351256,216.0
2873,351362,216.0
2874,351468,216.0
2875,351572,216.0
2876,351677,216.0
2877,351778,216.0
2878,351880,216.0
2879,351985,216.0
2880,352093,216.0
2881,352196,216.0
2882,352301,216.0
2883,352406,216.0
2884,352514,216.0
2885,352620,216.0
2886,352722,216.0
2887,352826,216.0
2888,352931,216.0
2889,353036,216.0
2890,353140,216.0
2891,353245,216.0
2892,353351,216.0
2893,353459,216.0
2894,353562,216.0
2895,353666,216.0
2896,353770,216.0
2897,353873,216.0
2898,353978,216.0
2899,354083,216.0
2900,354188,216.0
2901,354291,216.0
2902,354396,216.0
2903,354499,216.0
2904,354604,216.0
2905,354709,216.0
2906,354813,216.0
2907,354919,216.0
2908,355026,216.0
2909,355131,216.0
2910,355235,216.0
2911,355337,216.0
2912,355441,216.0
2913,355546,216.0
2914,355650,216.0
2915,355758,216.0
2916,355863,216.0
2917,355967,217.0
2918,356070,217.0
2919,356175,217.0
2920,356278,217.0
2921,356385,217.0
2922,356491,217.0
2923,356597,216.0
2924,356703,216.0
2925,356807,216.0
2926,356913,216.0
2927,357019,216.0
2928,357120,216.0
2929,357223,216.0
2930,357328,216.0
2931,357432,216.0
2932,357537,216.0
2933,357644,216.0
2934,357746,216.0
2935,357851,216.0
2936,357954,216.0
2937,358056,216.0
2938,358162,216.0
2939,358265,216.0
2940,358368,216.0
2941,358473,216.0
2942,358578,216.0
2943,358681,216.0
2944,358789,216.0
2945,358892,216.0
2946,358997,216.0
2947,359100,216.0
2948,359206,216.0
2949,359309,216.0
2950,359414,216.0
2951,359519,216.0
2952,359624,216.0
2953,359726,216.0
2954,359829,216.0
2955,359932,216.0
2956,360039,216.0
2957,360142,216.0
2958,360250,216.0
2959,360352,216.0
2960,360456,216.0
2961,360560,216.0
2962,360666,216.0
2963,360769,216.0
2964,360875,216.0
2965,360978,216.0
2966,361082,216.0
2967,361188,216.0
2968,361291,216.0
2969,361394,216.0
2970,361498,216.0
2971,361605,216.0
2972,361709,216.0
2973,361812,216.0
2974,361915,216.0
2975,362020,216.0
2976,362124,216.0
2977,362229,216.0
2978,362335,216.0
2979,362441,216.0
2980,362547,216.0
2981,362651,216.0
2982,362755,216.0
2983,362858,216.0
2984,362963,216.0
2985,363069,216.0
2986,363172,216.0
2987,363275,216.0
2988,363382,216.0
2989,363485,216.0
2990,363591,216.0
2991,363696,216.0
2992,363799,217.0
2993,363901,216.0
2994,364007,216.0
2995,364112,216.0
2996,364219,216.0
2997,364322,216.0
2998,364429,216.0
2999,364532,216.0
3000,364636,216.0
3001,364744,216.0
3002,364849,216.0
3003,364955,216.0
3004,365060,216.0
3005,365164,216.0
3006,365271,216.0
3007,365374,216.0
3008,365480,216.0
3009,365585,216.0
3010,365691,216.0
3011,365795,216.0
3012,365900,216.0
3013,366005,216.0
3014,366111,216.0
3015,366218,216.0
3016,366322,216.0
3017,366424,216.0
3018,366529,216.0
3019,366632,216.0
3020,366736,216.0
3021,366842,216.0
3022,366947,216.0
3023,367055,216.0
3024,367160,216.0
3025,367267,216.0
3026,367372,216.0
3027,367474,216.0
3028,367581,216.0
3029,367688,216.0
3030,367793,216.0
3031,367897,216.0
3032,368004,216.0
3033,368109,216.0
3034,368218,216.0
3035,368322,216.0
3036,368425,216.0
3037,368532,216.0
3038,368638,216.0
3039,368742,216.0
3040,368849,216.0
3041,368954,216.0
3042,369056,216.0
3043,369160,216.0
3044,369264,216.0
3045,369367,216.0
3046,369471,216.0
3047,369577,218.0
3048,369684,216.0
3049,369786,216.0
3050,369892,216.0
3051,369997,216.0
3052,370100,216.0
3053,370204,216.0
3054,370310,216.0
3055,370413,216.0
3056,370518,216.0
3057,370622,216.0
3058,370727,216.0
3059,370832,216.0
3060,370938,216.0
3061,371041,216.0
3062,371147,216.0
3063,371255,216.0
3064,371359,216.0
3065,371464,216.0
3066,371570,216.0
3067,371677,216.0
3068,371781,216.0
3069,371884,216.0
3070,371991,216.0
3071,372097,216.0
3072,372203,218.0
3073,372307,216.0
3074,372414,216.0
3075,372519,216.0
3076,372624,216.0
3077,372730,216.0
3078,372833,216.0
3079,372939,216.0
3080,373046,216.0
3081,373150,216.0
3082,373256,216.0
3083,373361,216.0
3084,373466,216.0
3085,373571,216.0
3086,373674,216.0
3087,373776,216.0
3088,373881,216.0
3089,373987,216.0
3090,374095,219.0
3091,374200,219.0
3092,374309,216.0
3093,374413,216.0
3094,374516,216.0
3095,374623,216.0
3096,374726,216.0
3097,374831,216.0
3098,374939,216.0
3099,375043,216.0
3100,375147,216.0
3101,375250,216.0
3102,375355,216.0
3103,375464,216.0
3104,375567,216.0
3105,375674,216.0
3106,375779,216.0
3107,375884,216.0
3108,375990,216.0
3109,376095,216.0
3110,376199,216.0
3111,376303,219.0
3112,376406,219.0
3113,376510,216.0
3114,376616,216.0
3115,376721,216.0
3116,376826,216.0
3117,376929,216.0
3118,377035,216.0
3119,377138,216.0
3120,377243,216.0
3121,377348,216.0
3122,377454,216.0
3123,377562,216.0
3124,377668,216.0
3125,377774,216.0
3126,377877,216.0
3127,377978,216.0
3128,378080,216.0
3129,378183,216.0
3130,378287,216.0
3131,378391,216.0
3132,378495,216.0
3133,378601,216.0
3134,378705,216.0
3135,378808,216.0
3136,378911,216.0
3137,379017,216.0
3138,379122,216.0
3139,379229,216.0
3140,379336,216.0
3141,379440,216.0
3142,379543,216.0
3143,379650,216.0
3144,379754,216.0
3145,379856,216.0
3146,379962,216.0
3147,380067,216.0
3148,380171,216.0
3149,380276,216.0
3150,380380,216.0
3151,380482,216.0
3152,380587,216.0
3153,380692,216.0
3154,380793,216.0
3155,380898,216.0
3156,381003,216.0
3157,381107,216.0
3158,381211,216.0
3159,381319,216.0
3160,381425,216.0
3161,381532,216.0
3162,381637,216.0
3163,381740,216.0
3164,381848,216.0
3165,381954,216.0
3166,382060,216.0
3167,382165,216.0
3168,382271,216.0
3169,382379,216.0
3170,382483,216.0
3171,382588,216.0
3172,382694,216.0
3173,382798,216.0
3174,382902,216.0
3175,383007,216.0
3176,383112,216.0
3177,383217,216.0
3178,383324,216.0
3179,383431,216.0
3180,383537,216.0
3181,383641,216.0
3182,383747,216.0
3183,383849,216.0
3184,383951,216.0
3185,384054,216.0
3186,384156,216.0
3187,384262,216.0
3188,384363,216.0
3189,384470,216.0
3190,384577,216.0
3191,384681,216.0
3192,384783,216.0
3193,384887,216.0
3194,384992,216.0
3195,385097,216.0
3196,385203,216.0
3197,385309,216.0
3198,385413,216.0
3199,385517,216.0
3200,385624,216.0
3201,385728,216.0
3202,385833,216.0
3203,385936,216.0
3204,386041,216.0
3205,386145,216.0
3206,386251,216.0
3207,386355,216.0
3208,386461,216.0
3209,386566,216.0
3210,386670,218.0
3211,386773,218.0
3212,386876,218.0
3213,386979,216.0
3214,387084,216.0
3215,387188,216.0
3216,387295,216.0
3217,387403,216.0
3218,387511,216.0
3219,387613,216.0
3220,387719,216.0
3221,387825,216.0
3222,387930,216.0
3223,388035,216.0
3224,388142,216.0
3225,388245,216.0
3226,388348,216.0
3227,388454,216.0
3228,388561,216.0
3229,388665,216.0
3230,388767,216.0
3231,388870,216.0
3232,388972,216.0
3233,389075,216.0
3234,389179,216.0
3235,389287,216.0
3236,389390,216.0
3237,389496,216.0
3238,389601,217.0
3239,389706,216.0
3240,389811,216.0
3241,389920,216.0
3242,390026,216.0
3243,390134,216.0
3244,390242,216.0
3245,390347,216.0
3246,390453,216.0
3247,390560,216.0
3248,390664,216.0
3249,390770,216.0
3250,390874,216.0
3251,390979,216.0
3252,391084,216.0
3253,391190,216.0
3254,391294,216.0
3255,391399,216.0
3256,391503,216.0
3257,391607,216.0
3258,391714,216.0
3259,391820,216.0
3260,391924,216.0
3261,392031,216.0
3262,392137,216.0
3263,392241,216.0
3264,392347,216.0
3265,392453,216.0
3266,392557,216.0
3267,392663,216.0
3268,392768,216.0
3269,392869,218.0
3270,392974,216.0
3271,393078,216.0
3272,393183,216.0
3273,393286,216.0
3274,393392,216.0
3275,393497,216.0
3276,393601,216.0
3277,393705,216.0
3278,393808,216.0
3279,393913,216.0
3280,394018,216.0
3281,394123,216.0
3282,394229,216.0
3283,394333,216.0
3284,394441,216.0
3285,394545,216.0
3286,394650,216.0
3287,394754,216.0
3288,394857,216.0
3289,394963,216.0
3290,395068,216.0
3291,395171,216.0
3292,395274,216.0
3293,395379,216.0
3294,395483,216.0
3295,395588,218.0
3296,395692,218.0
3297,395796,216.0
3298,395901,216.0
3299,396007,216.0
3300,396112,216.0
3301,396218,216.0
3302,396320,216.0
3303,396425,216.0
3304,396532,216.0
3305,396638,216.0
3306,396742,216.0
3307,396846,216.0
3308,396950,216.0
3309,397055,216.0
3310,397159,216.0
3311,397264,216.0
3312,397366,216.0
3313,397470,216.0
3314,397576,219.0
3315,397685,216.0
3316,397787,216.0
3317,397893,216.0
3318,397997,216.0
3319,398104,216.0
3320,398208,216.0
3321,398317,216.0
3322,398422,216.0
3323,398527,216.0
3324,398634,216.0
3325,398737,216.0
3326,398845,216.0
3327,398948,216.0
3328,399052,216.0
3329,399158,216.0
3330,399262,216.0
3331,399368,216.0
3332,399475,216.0
3333,399578,216.0
3334,399685,216.0
3335,399790,216.0
3336,399894,216.0
3337,399999,216.0
3338,400104,216.0
3339,400212,216.0
3340,400315,216.0
3341,400420,216.0
3342,400523,216.0
3343,400629,216.0
3344,400733,216.0
3345,400837,216.0
3346,400942,216.0
3347,401046,216.0
3348,401150,216.0
3349,401254,216.0
3350,401356,216.0
3351,401460,216.0
3352,401566,219.0
3353,401669,216.0
3354,401774,216.0
3355,401879,216.0
3356,401986,216.0
3357,402090,216.0
3358,402194,216.0
3359,402296,218.0
3360,402400,216.0
3361,402506,216.0
3362,402611,216.0
3363,402714,216.0
3364,402822,216.0
3365,402929,216.0
3366,403033,216.0
3367,403139,216.0
3368,403244,216.0
3369,403349,216.0
3370,403456,216.0
3371,403558,218.0
3372,403661,216.0
3373,403767,216.0
3374,403873,216.0
3375,403977,216.0
3376,404082,216.0
3377,404186,216.0
3378,404289,216.0
3379,404395,216.0
3380,404498,216.0
3381,404605,219.0
3382,404710,219.0
3383,404818,219.0
3384,404921,219.0
3385,405027,216.0
3386,405129,216.0
3387,405236,216.0
3388,405339,216.0
3389,405445,219.0
3390,405549,219.0
3391,405652,216.0
3392,405756,216.0
3393,405859,218.0
3394,405963,216.0
3395,406067,216.0
3396,406171,216.0
3397,406276,216.0
3398,406383,216.0
3399,406487,216.0
3400,406591,216.0
3401,406696,216.0
3402,406803,216.0
3403,406906,216.0
3404,407012,216.0
3405,407114,216.0
3406,407220,216.0
3407,407324,216.0
3408,407429,216.0
3409,407534,216.0
3410,407638,216.0
3411,407743,216.0
3412,407848,216.0
3413,407954,216.0
3414,408058,216.0
3415,408164,216.0
3416,408269,216.0
3417,408372,216.0
3418,408476,216.0
3419,408582,216.0
3420,408687,216.0
3421,408793,216.0
3422,408899,216.0
3423,409005,216.0
3424,409110,216.0
3425,409215,216.0
3426,409318,216.0
3427,409422,216.0
3428,409526,216.0
3429,409630,216.0
3430,409736,216.0
3431,409839,216.0
3432,409944,218.0
3433,410046,216.0
3434,410149,216.0
3435,410253,216.0
3436,410360,216.0
3437,410465,216.0
3438,410569,216.0
3439,410674,216.0
3440,410779,216.0
3441,410884,216.0
3442,410991,216.0
3443,411095,216.0
3444,411198,216.0
3445,411302,216.0
3446,411405,216.0
3447,411510,216.0
3448,411614,216.0
3449,411722,216.0
3450,411828,216.0
3451,411935,216.0
3452,412044,216.0
3453,412150,216.0
3454,412255,216.0
3455,412359,216.0
3456,412464,216.0
3457,412568,216.0
3458,412676,216.0
3459,412783,216.0
3460,412887,216.0
3461,412994,216.0
3462,413102,216.0
3463,413206,216.0
3464,413310,216.0
3465,413410,216.0
3466,413515,216.0
3467,413620,216.0
3468,413723,216.0
3469,413829,216.0
3470,413932,216.0
3471,414039,216.0
3472,414145,216.0
3473,414250,216.0
3474,414357,216.0
3475,414462,216.0
3476,414567,216.0
3477,414673,216.0
3478,414776,216.0
3479,414881,216.0
3480,414987,218.0
3481,415091,218.0
3482,415195,216.0
3483,415300,216.0
3484,415407,216.0
3485,415511,216.0
3486,415615,216.0
3487,415720,216.0
3488,415825,216.0
3489,415929,216.0
3490,416034,216.0
3491,416142,216.0
3492,416245,216.0
3493,416353,216.0
3494,416458,216.0
3495,416560,216.0
3496,416666,219.0
3497,416769,216.0
3498,416874,216.0
3499,416980,216.0
3500,417087,216.0
3501,417194,216.0
3502,417297,216.0
3503,417404,216.0
3504,417510,216.0
3505,417616,216.0
3506,417722,216.0
3507,417826,216.0
3508,417929,219.0
3509,418032,219.0
3510,418135,216.0
3511,418239,216.0
3512,418343,216.0
3513,418448,216.0
3514,418554,216.0
3515,418662,219.0
3516,418764,219.0
3517,418867,219.0
3518,418973,219.0
3519,419077,219.0
3520,419184,219.0
3521,419287,219.0
3522,419391,219.0
3523,419494,219.0
3524,419600,219.0
3525,419708,219.0
3526,419812,219.0
3527,419915,219.0
3528,420020,219.0
3529,420124,219.0
3530,420226,219.0
3531,420329,219.0
3532,420433,219.0
3533,420538,219.0
3534,420644,219.0
3535,420750,219.0
3536,420854,219.0
3537,420959,219.0
3538,421064,219.0
3539,421170,219.0
3540,421275,219.0
3541,421380,219.0
3542,421483,219.0
3543,421586,219.0
3544,421689,219.0
3545,421795,219.0
3546,421899,219.0
3547,422004,219.0
3548,422109,219.0
3549,422218,219.0
3550,422323,219.0
3551,422425,219.0
3552,422528,219.0
3553,422634,219.0
3554,422737,219.0
3555,422841,219.0
3556,422944,216.0
3557,423049,216.0
3558,423157,216.0
3559,423261,216.0
3560,423367,216.0
3561,423472,216.0
3562,423576,216.0
3563,423679,216.0
3564,423784,216.0
3565,423890,216.0
3566,423996,216.0
3567,424100,216.0
3568,424207,216.0
3569,424311,216.0
3570,424417,216.0
3571,424523,216.0
3572,424627,218.0
3573,424733,218.0
3574,424839,218.0
3575,424943,216.0
3576,425047,216.0
3577,425154,216.0
3578,425259,216.0
3579,425366,216.0
3580,425471,216.0
3581,425574,216.0
3582,425676,216.0
3583,425779,217.0
3584,425883,217.0
3585,425988,217.0
3586,426095,216.0
3587,426199,216.0
3588,426304,216.0
3589,426409,216.0
3590,426513,216.0
3591,426618,216.0
3592,426726,216.0
3593,426832,216.0
3594,426935,216.0
3595,427040,216.0
3596,427144,216.0
3597,427248,216.0
3598,427353,216.0
3599,427458,216.0
3600,427562,216.0
3601,427668,216.0
3602,427773,216.0
3603,427877,216.0
3604,427978,216.0
3605,428080,216.0
3606,428186,216.0
3607,428292,216.0
3608,428393,216.0
3609,428495,216.0
3610,428601,216.0
3611,428707,216.0
3612,428813,216.0
3613,428917,216.0
3614,429019,216.0
3615,429125,216.0
3616,429232,216.0
3617,429337,216.0
3618,429442,216.0
3619,429547,216.0
3620,429652,216.0
3621,429757,216.0
3622,429863,216.0
3623,429969,216.0
3624,430073,216.0
3625,430179,216.0
3626,430285,216.0
3627,430391,216.0
3628,430498,216.0
3629,430602,216.0
3630,430708,216.0
3631,430815,217.0
3632,430916,217.0
3633,431021,217.0
3634,431128,217.0
3635,431234,217.0
3636,431339,216.0
3637,431444,216.0
3638,431548,216.0
3639,431653,216.0
3640,431757,216.0
3641,431861,216.0
3642,431967,216.0
3643,432071,216.0
3644,432176,216.0
3645,432282,216.0
3646,432386,216.0
3647,432493,216.0
3648,432595,216.0
3649,432701,216.0
3650,432806,216.0
3651,432911,216.0
3652,433015,216.0
3653,433121,216.0
3654,433226,216.0
3655,433329,216.0
3656,433435,216.0
3657,433540,216.0
3658,433646,216.0
3659,433749,216.0
3660,433856,216.0
3661,433959,216.0
3662,434063,216.0
3663,434169,216.0
3664,434274,216.0
3665,434379,216.0
3666,434483,216.0
3667,434588,216.0
3668,434694,216.0
3669,434798,216.0
3670,434904,216.0
3671,435006,216.0
3672,435111,216.0
3673,435216,216.0
3674,435321,216.0
3675,435424,216.0
3676,435528,216.0
3677,435638,216.0
3678,435740,216.0
3679,435843,216.0
3680,435947,216.0
3681,436051,216.0
3682,436156,216.0
3683,436262,216.0
3684,436368,219.0
3685,436471,219.0
3686,436575,219.0
3687,436682,219.0
3688,436786,219.0
3689,436891,219.0
3690,436999,218.0
3691,437103,216.0
3692,437207,216.0
3693,437312,216.0
3694,437415,216.0
3695,437519,216.0
3696,437625,216.0
3697,437731,216.0
3698,437835,216.0
3699,437939,216.0
3700,438043,216.0
3701,438148,216.0
3702,438254,216.0
3703,438357,216.0
3704,438462,216.0
3705,438569,216.0
3706,438675,216.0
3707,438779,216.0
3708,438884,216.0
3709,438990,216.0
3710,439094,216.0
3711,439199,216.0
3712,439303,216.0
3713,439410,216.0
3714,439515,216.0
3715,439621,216.0
3716,439725,216.0
3717,439830,216.0
3718,439934,216.0
3719,440039,216.0
3720,440144,216.0
3721,440250,216.0
3722,440356,216.0
3723,440461,216.0
3724,440566,216.0
3725,440671,216.0
3726,440776,216.0
3727,440880,216.0
3728,440985,216.0
3729,441089,216.0
3730,441196,216.0
3731,441303,216.0
3732,441410,216.0
3733,441515,216.0
3734,441620,216.0
3735,441723,216.0
3736,441826,216.0
3737,441932,216.0
3738,442037,216.0
3739,442144,216.0
3740,442248,216.0
3741,442353,216.0
3742,442458,216.0
3743,442562,216.0
3744,442667,216.0
3745,442771,216.0
3746,442875,216.0
3747,442982,216.0
3748,443088,216.0
3749,443198,216.0
3750,443302,216.0
3751,443405,216.0
3752,443512,216.0
3753,443617,216.0
3754,443722,216.0
3755,443826,216.0
3756,443929,216.0
3757,444033,216.0
3758,444139,216.0
3759,444244,216.0
3760,444347,216.0
3761,444449,216.0
3762,444555,216.0
3763,444659,216.0
3764,444765,216.0
3765,444868,216.0
3766,444974,216.0
3767,445078,216.0
3768,445184,216.0
3769,445285,216.0
3770,445392,216.0
3771,445496,216.0
3772,445604,216.0
3773,445710,216.0
3774,445814,216.0
3775,445919,216.0
3776,446023,216.0
3777,446127,216.0
3778,446232,216.0
3779,446338,216.0
3780,446442,216.0
3781,446548,216.0
3782,446653,216.0
3783,446759,216.0
3784,446866,216.0
3785,446969,216.0
3786,447071,216.0
3787,447175,216.0
3788,447278,216.0
3789,447381,216.0
3790,447489,216.0
3791,447598,216.0
3792,447703,216.0
3793,447809,216.0
3794,447916,216.0
3795,448022,216.0
3796,448128,216.0
3797,448231,216.0
3798,448339,216.0
3799,448444,216.0
3800,448552,216.0
3801,448657,216.0
3802,448764,216.0
3803,448873,216.0
3804,448977,216.0
3805,449084,216.0
3806,449189,216.0
3807,449295,216.0
3808,449400,216.0
3809,449506,216.0
3810,449611,216.0
3811,449715,217.0
3812,449822,217.0
3813,449929,217.0
3814,450034,217.0
3815,450136,217.0
3816,450240,217.0
3817,450345,217.0
3818,450451,217.0
3819,450557,217.0
3820,450658,217.0
3821,450764,217.0
3822,450870,217.0
3823,450975,217.0
3824,451080,218.0
3825,451186,218.0
3826,451289,218.0
3827,451394,217.0
3828,451498,217.0
3829,451602,217.0
3830,451705,217.0
3831,451808,217.0
3832,451914,217.0
3833,452017,217.0
3834,452122,217.0
3835,452228,217.0
3836,452336,217.0
3837,452443,217.0
3838,452548,217.0
3839,452652,217.0
3840,452759,217.0
3841,452865,217.0
3842,452971,217.0
3843,453075,217.0
3844,453181,217.0
3845,453285,217.0
3846,453390,217.0
3847,453496,217.0
3848,453605,217.0
3849,453712,217.0
3850,453820,217.0
3851,453923,217.0
3852,454030,217.0
3853,454135,217.0
3854,454237,217.0
3855,454342,217.0
3856,454444,217.0
3857,454551,217.0
3858,454656,217.0
3859,454761,217.0
3860,454866,217.0
3861,454971,217.0
3862,455076,217.0
3863,455180,217.0
3864,455286,217.0
3865,455392,217.0
3866,455495,217.0
3867,455600,217.0
3868,455705,217.0
3869,455809,217.0
3870,455912,217.0
3871,456014,217.0
3872,456120,218.0
3873,456224,218.0
3874,456328,217.0
3875,456433,217.0
3876,456538,217.0
3877,456638,217.0
3878,456743,217.0
3879,456849,217.0
3880,456953,217.0
3881,457059,217.0
3882,457164,217.0
3883,457268,217.0
3884,457375,217.0
3885,457480,217.0
3886,457585,217.0
3887,457690,217.0
3888,457795,217.0
3889,457899,217.0
3890,458007,217.0
3891,458111,217.0
3892,458218,217.0
3893,458325,217.0
3894,458428,217.0
3895,458531,217.0
3896,458636,217.0
3897,458742,217.0
3898,458845,217.0
3899,458951,217.0
3900,459057,217.0
3901,459162,217.0
3902,459270,217.0
3903,459373,217.0
3904,459477,217.0
3905,459583,217.0
3906,459685,217.0
3907,459790,217.0
3908,459894,217.0
3909,459999,217.0
3910,460103,217.0
3911,460207,217.0
3912,460312,217.0
3913,460418,217.0
3914,460522,217.0
3915,460628,217.0
3916,460735,217.0
3917,460842,217.0
3918,460948,217.0
3919,461054,217.0
3920,461163,217.0
3921,461267,217.0
3922,461373,218.0
3923,461480,217.0
3924,461585,217.0
3925,461689,217.0
3926,461795,217.0
3927,461899,217.0
3928,462004,217.0
3929,462107,217.0
3930,462215,217.0
3931,462320,217.0
3932,462424,217.0
3933,462529,217.0
3934,462633,217.0
3935,462739,217.0
3936,462846,217.0
3937,462951,217.0
3938,463057,217.0
3939,463164,217.0
3940,463267,217.0
3941,463375,217.0
3942,463477,217.0
3943,463582,217.0
3944,463685,217.0
3945,463789,217.0
3946,463891,217.0
3947,463996,217.0
3948,464100,217.0
3949,464201,217.0
3950,464305,217.0
3951,464412,217.0
3952,464518,217.0
3953,464624,217.0
3954,464729,217.0
3955,464831,217.0
3956,464937,217.0
3957,465041,217.0
3958,465145,217.0
3959,465249,217.0
3960,465351,217.0
3961,465455,217.0
3962,465558,217.0
3963,465663,217.0
3964,465769,217.0
3965,465872,217.0
3966,465977,217.0
3967,466083,217.0
3968,466186,217.0
3969,466292,217.0
3970,466399,217.0
3971,466503,217.0
3972,466609,217.0
3973,466713,217.0
3974,466818,217.0
3975,466921,217.0
3976,467026,217.0
3977,467133,217.0
3978,467239,217.0
3979,467347,217.0
3980,467449,217.0
3981,467555,217.0
3982,467662,217.0
3983,467767,217.0
3984,467876,215.0
3985,467980,215.0
3986,468085,215.0
3987,468190,215.0
3988,468295,215.0
3989,468397,215.0
3990,468501,215.0
3991,468606,215.0
3992,468710,215.0
3993,468813,215.0
3994,468915,217.0
3995,469021,215.0
3996,469127,215.0
3997,469231,215.0
3998,469333,215.0
3999,469441,215.0
4000,469544,215.0
4001,469648,215.0
4002,469755,215.0
4003,469863,215.0
4004,469968,215.0
4005,470075,215.0
4006,470181,215.0
4007,470286,215.0
4008,470391,215.0
4009,470494,215.0
4010,470598,215.0
4011,470703,215.0
4012,470807,215.0
4013,470913,215.0
4014,471017,215.0
4015,471123,215.0
4016,471230,215.0
4017,471336,215.0
4018,471441,215.0
4019,471548,215.0
4020,471652,215.0
4021,471753,215.0
4022,471859,215.0
4023,471964,215.0
4024,472070,215.0
4025,472174,215.0
4026,472281,215.0
4027,472387,215.0
4028,472491,215.0
4029,472598,215.0
4030,472702,215.0
4031,472807,217.0
4032,472913,215.0
4033,473015,215.0
4034,473121,215.0
4035,473225,215.0
4036,473332,215.0
4037,473437,215.0
4038,473539,217.0
4039,473644,217.0
4040,473751,215.0
4041,473854,215.0
4042,473960,215.0
4043,474065,215.0
4044,474171,215.0
4045,474272,215.0
4046,474378,215.0
4047,474482,215.0
4048,474588,215.0
4049,474693,215.0
4050,474796,215.0
4051,474901,215.0
4052,475007,215.0
4053,475114,215.0
4054,475218,215.0
4055,475320,215.0
4056,475427,215.0
4057,475531,215.0
4058,475636,215.0
4059,475740,215.0
4060,475844,215.0
4061,475947,216.0
4062,476051,215.0
4063,476155,215.0
4064,476263,215.0
4065,476367,215.0
4066,476470,215.0
4067,476575,215.0
4068,476680,215.0
4069,476784,215.0
4070,476887,215.0
4071,476990,215.0
4072,477096,215.0
4073,477202,215.0
4074,477306,215.0
4075,477410,215.0
4076,477515,215.0
4077,477618,215.0
4078,477721,215.0
4079,477828,215.0
4080,477930,215.0
4081,478034,217.0
4082,478137,217.0
4083,478244,217.0
4084,478348,215.0
4085,478450,215.0
4086,478554,215.0
4087,478657,215.0
4088,478762,215.0
4089,478868,215.0
4090,478972,215.0
4091,479075,215.0
4092,479181,216.0
4093,479283,216.0
4094,479388,216.0
4095,479495,216.0
4096,479601,216.0
4097,479707,215.0
4098,479810,215.0
4099,479913,215.0
4100,480018,215.0
4101,480126,215.0
4102,480229,215.0
4103,480335,215.0
4104,480442,215.0
4105,480546,215.0
4106,480652,215.0
4107,480760,215.0
4108,480862,215.0
4109,480967,215.0
4110,481072,215.0
4111,481174,215.0
4112,481280,215.0
4113,481387,215.0
4114,481490,215.0
4115,481594,215.0
4116,481699,215.0
4117,481805,215.0
4118,481912,215.0
4119,482019,215.0
4120,482122,215.0
4121,482228,215.0
4122,482335,215.0
4123,482440,215.0
4124,482547,215.0
4125,482651,219.0
4126,482758,219.0
4127,482863,219.0
4128,482966,219.0
4129,483071,219.0
4130,483176,219.0
4131,483278,219.0
4132,483386,215.0
4133,483491,215.0
4134,483596,215.0
4135,483702,215.0
4136,483806,215.0
4137,483911,215.0
4138,484014,215.0
4139,484121,215.0
4140,484226,215.0
4141,484326,215.0
4142,484431,215.0
4143,484533,215.0
4144,484637,215.0
4145,484741,215.0
4146,484845,217.0
4147,484952,217.0
4148,485056,215.0
4149,485161,215.0
4150,485266,215.0
4151,485369,215.0
4152,485475,215.0
4153,485583,215.0
4154,485690,215.0
4155,485794,215.0
4156,485898,215.0
4157,486001,215.0
4158,486106,215.0
4159,486212,215.0
4160,486317,215.0
4161,486421,215.0
4162,486527,215.0
4163,486632,216.0
4164,486736,216.0
4165,486840,216.0
4166,486944,216.0
4167,487048,216.0
4168,487153,216.0
4169,487258,216.0
4170,487364,216.0
4171,487470,216.0
4172,487573,216.0
4173,487678,216.0
4174,487783,216.0
4175,487890,216.0
4176,487994,216.0
4177,488098,216.0
4178,488202,216.0
4179,488308,216.0
4180,488415,215.0
4181,488520,215.0
4182,488626,215.0
4183,488734,215.0
4184,488839,215.0
4185,488943,215.0
4186,489051,215.0
4187,489152,215.0
4188,489259,215.0
4189,489363,215.0
4190,489468,215.0
4191,489573,215.0
4192,489678,215.0
4193,489785,215.0
4194,489893,215.0
4195,489997,215.0
4196,490102,215.0
4197,490206,215.0
4198,490313,215.0
4199,490420,215.0
4200,490524,215.0
4201,490628,215.0
4202,490731,216.0
4203,490838,216.0
4204,490942,216.0
4205,491046,216.0
4206,491150,216.0
4207,491256,216.0
4208,491362,215.0
4209,491467,215.0
4210,491572,215.0
4211,491677,215.0
4212,491781,215.0
4213,491884,215.0
4214,491990,215.0
4215,492094,215.0
4216,492198,215.0
4217,492301,215.0
4218,492408,215.0
4219,492515,215.0
4220,492618,215.0
4221,492722,216.0
4222,492826,216.0
4223,492932,216.0
4224,493039,216.0
4225,493142,216.0
4226,493248,216.0
4227,493354,216.0
4228,493459,216.0
4229,493565,216.0
4230,493669,216.0
4231,493774,216.0
4232,493877,216.0
4233,493983,216.0
4234,494087,215.0
4235,494191,215.0
4236,494296,215.0
4237,494403,215.0
4238,494507,215.0
4239,494612,215.0
4240,494719,215.0
4241,494823,215.0
4242,494929,215.0
4243,495034,215.0
4244,495141,215.0
4245,495249,215.0
4246,495353,215.0
4247,495462,215.0
4248,495566,215.0
4249,495670,215.0
4250,495774,215.0
4251,495878,215.0
4252,495984,215.0
4253,496086,215.0
4254,496191,215.0
4255,496295,215.0
4256,496399,215.0
4257,496507,215.0
4258,496611,215.0
4259,496717,215.0
4260,496822,215.0
4261,496927,215.0
4262,497033,215.0
4263,497139,215.0
4264,497244,215.0
4265,497349,215.0
4266,497457,215.0
4267,497562,215.0
4268,497668,216.0
4269,497773,216.0
4270,497876,216.0
4271,497980,216.0
4272,498085,216.0
4273,498188,216.0
4274,498293,216.0
4275,498398,216.0
4276,498502,216.0
4277,498605,216.0
4278,498711,216.0
4279,498814,216.0
4280,498921,216.0
4281,499026,215.0
4282,499129,215.0
4283,499235,215.0
4284,499341,215.0
4285,499446,215.0
4286,499552,215.0
4287,499657,215.0
4288,499762,215.0
4289,499867,215.0
4290,499973,215.0
4291,500077,215.0
4292,500182,215.0
4293,500288,215.0
4294,500393,215.0
4295,500500,215.0
4296,500608,215.0
4297,500713,216.0
4298,500816,216.0
4299,500921,216.0
4300,501026,216.0
4301,501130,216.0
4302,501236,216.0
4303,501340,216.0
4304,501447,216.0
4305,501551,216.0
4306,501655,216.0
4307,501764,216.0
4308,501869,216.0
4309,501974,216.0
4310,502077,216.0
4311,502183,216.0
4312,502289,216.0
4313,502394,216.0
4314,502499,216.0
4315,502604,216.0
4316,502710,216.0
4317,502816,216.0
4318,502919,216.0
4319,503028,216.0
4320,503132,216.0
4321,503240,216.0
4322,503343,216.0
4323,503447,216.0
4324,503552,216.0
4325,503655,216.0
4326,503759,216.0
4327,503864,216.0
4328,503964,216.0
4329,504070,216.0
4330,504177,216.0
4331,504281,216.0
4332,504389,216.0
4333,504495,216.0
4334,504602,216.0
4335,504707,216.0
4336,504812,216.0
4337,504918,216.0
4338,505022,216.0
4339,505124,215.0
4340,505230,215.0
4341,505332,215.0
4342,505439,216.0
4343,505542,216.0
4344,505646,217.0
4345,505752,217.0
4346,505857,216.0
4347,505963,216.0
4348,506067,216.0
4349,506174,216.0
4350,506282,216.0
4351,506388,216.0
4352,506490,216.0
4353,506592,216.0
4354,506699,216.0
4355,506803,216.0
4356,506907,216.0
4357,507007,216.0
4358,507112,216.0
4359,507216,216.0
4360,507318,216.0
4361,507424,216.0
4362,507529,216.0
4363,507636,216.0
4364,507739,216.0
4365,507844,216.0
4366,507949,216.0
4367,508053,216.0
4368,508158,216.0
4369,508264,216.0
4370,508370,216.0
4371,508475,216.0
4372,508581,216.0
4373,508684,216.0
4374,508791,216.0
4375,508899,216.0
4376,509003,216.0
4377,509109,217.0
4378,509214,217.0
4379,509318,216.0
4380,509422,216.0
4381,509525,216.0
4382,509630,216.0
4383,509735,216.0
4384,509839,216.0
4385,509944,216.0
4386,510049,216.0
4387,510154,216.0
4388,510258,216.0
4389,510363,216.0
4390,510466,216.0
4391,510570,216.0
4392,510675,216.0
4393,510779,216.0
4394,510885,216.0
4395,510989,216.0
4396,511095,216.0
4397,511197,216.0
4398,511303,216.0
4399,511409,216.0
4400,511515,216.0
4401,511619,216.0
4402,511725,216.0
4403,511828,216.0
4404,511934,216.0
4405,512040,216.0
4406,512145,216.0
4407,512248,216.0
4408,512350,216.0
4409,512456,216.0
4410,512560,216.0
4411,512666,216.0
4412,512771,216.0
4413,512877,216.0
4414,512982,216.0
4415,513087,216.0
4416,513191,216.0
4417,513296,216.0
4418,513401,216.0
4419,513507,216.0
4420,513612,216.0
4421,513718,216.0
4422,513822,216.0
4423,513926,216.0
4424,514033,216.0
4425,514138,219.0
4426,514240,216.0
4427,514344,216.0
4428,514448,216.0
4429,514552,216.0
4430,514657,216.0
4431,514763,216.0
4432,514867,216.0
4433,514972,216.0
4434,515076,216.0
4435,515181,216.0
4436,515283,216.0
4437,515387,216.0
4438,515490,216.0
4439,515596,216.0
4440,515702,216.0
4441,515806,216.0
4442,515911,216.0
4443,516017,216.0
4444,516121,216.0
4445,516226,216.0
4446,516331,216.0
4447,516438,216.0
4448,516539,215.0
4449,516643,215.0
4450,516745,215.0
4451,516849,215.0
4452,516954,215.0
4453,517058,215.0
4454,517161,215.0
4455,517269,215.0
4456,517373,215.0
4457,517480,215.0
4458,517584,215.0
4459,517690,215.0
4460,517795,215.0
4461,517899,215.0
4462,518007,215.0
4463,518112,215.0
4464,518218,215.0
4465,518322,215.0
4466,518426,215.0
4467,518531,215.0
4468,518635,215.0
4469,518742,215.0
4470,518848,215.0
4471,518954,215.0
4472,519062,215.0
4473,519167,215.0
4474,519273,215.0
4475,519379,215.0
4476,519484,215.0
4477,519589,215.0
4478,519694,215.0
4479,519800,216.0
4480,519906,215.0
4481,520009,215.0
4482,520114,215.0
4483,520221,215.0
4484,520324,215.0
4485,520430,215.0
4486,520535,215.0
4487,520641,215.0
4488,520746,215.0
4489,520851,215.0
4490,520957,215.0
4491,521061,215.0
4492,521166,215.0
4493,521273,215.0
4494,521376,215.0
4495,521482,215.0
4496,521585,215.0
4497,521692,215.0
4498,521797,215.0
4499,521902,215.0
4500,522009,215.0
4501,522114,215.0
4502,522219,215.0
4503,522322,215.0
4504,522427,215.0
4505,522533,215.0
4506,522636,215.0
4507,522740,215.0
4508,522845,215.0
4509,522950,215.0
4510,523056,215.0
4511,523162,215.0
4512,523267,215.0
4513,523371,215.0
4514,523479,215.0
4515,523583,215.0
4516,523688,215.0
4517,523796,215.0
4518,523899,215.0
4519,524002,215.0
4520,524106,217.0
4521,524212,215.0
4522,524315,215.0
4523,524420,215.0
4524,524528,215.0
4525,524632,215.0
4526,524735,215.0
4527,524838,215.0
4528,524942,215.0
4529,525048,215.0
4530,525153,215.0
4531,525257,217.0
4532,525363,217.0
4533,525469,215.0
4534,525574,216.0
4535,525678,215.0
4536,525782,215.0
4537,525886,215.0
4538,525994,215.0
4539,526098,217.0
4540,526202,217.0
4541,526305,217.0
4542,526412,217.0
4543,526517,217.0
4544,526625,215.0
4545,526730,215.0
4546,526834,215.0
4547,526940,215.0
4548,527047,215.0
4549,527152,216.0
4550,527257,216.0
4551,527363,216.0
4552,527467,215.0
4553,527572,215.0
4554,527674,215.0
4555,527779,215.0
4556,527882,215.0
4557,527988,215.0
4558,528092,215.0
4559,528198,215.0
4560,528301,215.0
4561,528407,215.0
4562,528513,215.0
4563,528617,215.0
4564,528721,215.0
4565,528825,215.0
4566,528927,215.0
4567,529032,215.0
4568,529135,215.0
4569,529242,215.0
4570,529345,215.0
4571,529451,215.0
4572,529554,215.0
4573,529660,215.0
4574,529766,215.0
4575,529869,215.0
4576,529976,215.0
4577,530081,215.0
4578,530187,215.0
4579,530290,215.0
4580,530397,215.0
4581,530503,215.0
4582,530607,215.0
4583,530713,215.0
4584,530818,215.0
4585,530925,215.0
4586,531029,215.0
4587,531135,215.0
4588,531239,215.0
4589,531344,215.0
4590,531446,215.0
4591,531549,215.0
4592,531655,215.0
4593,531761,215.0
4594,531866,215.0
4595,531970,215.0
4596,532077,215.0
4597,532183,215.0
4598,532290,215.0
4599,532396,215.0
4600,532502,215.0
4601,532608,215.0
4602,532712,215.0
4603,532819,215.0
4604,532924,215.0
4605,533027,215.0
4606,533132,215.0
4607,533237,215.0
4608,533345,215.0
4609,533451,215.0
4610,533555,215.0
4611,533659,215.0
4612,533764,215.0
4613,533869,215.0
4614,533976,215.0
4615,534083,215.0
4616,534188,215.0
4617,534295,215.0
4618,534400,215.0
4619,534505,215.0
4620,534611,215.0
4621,534716,215.0
4622,534821,215.0
4623,534926,215.0
4624,535032,215.0
4625,535135,215.0
4626,535239,215.0
4627,535345,215.0
4628,535449,215.0
4629,535554,215.0
4630,535661,215.0
4631,535766,215.0
4632,535871,215.0
4633,535977,215.0
4634,536080,215.0
4635,536184,215.0
4636,536291,215.0
4637,536397,215.0
4638,536503,215.0
4639,536608,215.0
4640,536713,215.0
4641,536820,215.0
4642,536923,215.0
4643,537032,215.0
4644,537138,215.0
4645,537243,215.0
4646,537346,215.0
4647,537453,215.0
4648,537558,215.0
4649,537662,215.0
4650,537766,215.0
4651,537871,215.0
4652,537979,215.0
4653,538084,215.0
4654,538192,215.0
4655,538297,215.0
4656,538405,215.0
4657,538512,215.0
4658,538616,215.0
4659,538719,215.0
4660,538824,215.0
4661,538928,215.0
4662,539032,215.0
4663,539137,215.0
4664,539239,215.0
4665,539344,215.0
4666,539451,215.0
4667,539556,215.0
4668,539660,215.0
4669,539763,215.0
4670,539868,215.0
4671,539976,215.0
4672,540081,215.0
4673,540186,215.0
4674,540290,215.0
4675,540395,215.0
4676,540500,215.0
4677,540604,215.0
4678,540710,215.0
4679,540815,215.0
4680,540917,215.0
4681,541022,215.0
4682,541124,215.0
4683,541225,215.0
4684,541329,215.0
4685,541433,215.0
4686,541539,215.0
4687,541645,215.0
4688,541749,215.0
4689,541855,215.0
4690,541957,215.0
4691,542064,215.0
4692,542171,215.0
4693,542273,215.0
4694,542377,215.0
4695,542481,215.0
4696,542585,215.0
4697,542690,215.0
4698,542797,215.0
4699,542902,215.0
4700,543008,215.0
4701,543112,215.0
4702,543214,215.0
4703,543321,215.0
4704,543428,216.0
4705,543531,216.0
4706,543635,216.0
4707,543741,215.0
4708,543846,215.0
4709,543952,215.0
4710,544055,215.0
4711,544158,215.0
4712,544262,215.0
4713,544367,215.0
4714,544471,215.0
4715,544578,215.0
4716,544684,215.0
4717,544790,216.0
4718,544895,215.0
4719,544999,216.0
4720,545103,216.0
4721,545207,216.0
4722,545313,216.0
4723,545419,216.0
4724,545523,216.0
4725,545626,216.0
4726,545733,215.0
4727,545840,215.0
4728,545947,216.0
4729,546054,216.0
4730,546160,216.0
4731,546265,216.0
4732,546371,216.0
4733,546475,216.0
4734,546579,216.0
4735,546683,216.0
4736,546785,216.0
4737,546892,216.0
4738,546995,216.0
4739,547100,216.0
4740,547207,216.0
4741,547313,216.0
4742,547417,216.0
4743,547521,216.0
4744,547626,215.0
4745,547732,215.0
4746,547838,215.0
4747,547944,215.0
4748,548052,215.0
4749,548155,215.0
4750,548258,215.0
4751,548364,215.0
4752,548467,215.0
4753,548571,215.0
4754,548678,215.0
4755,548783,215.0
4756,548888,215.0
4757,548993,215.0
4758,549099,215.0
4759,549204,215.0
4760,549310,217.0
4761,549414,217.0
4762,549518,217.0
4763,549624,217.0
4764,549728,217.0
4765,549832,217.0
4766,549938,217.0
4767,550044,217.0
4768,550148,217.0
4769,550252,217.0
4770,550356,217.0
4771,550462,217.0
4772,550568,217.0
4773,550671,217.0
4774,550776,217.0
4775,550878,217.0
4776,550983,217.0
4777,551090,219.0
4778,551193,217.0
4779,551300,217.0
4780,551405,217.0
4781,551510,217.0
4782,551616,217.0
4783,551719,217.0
4784,551824,217.0
4785,551929,217.0
4786,552035,217.0
4787,552141,217.0
4788,552248,217.0
4789,552350,217.0
4790,552454,217.0
4791,552558,217.0
4792,552662,217.0
4793,552765,217.0
4794,552870,217.0
4795,552975,217.0
4796,553079,217.0
4797,553185,217.0
4798,553291,217.0
4799,553399,217.0
4800,553502,217.0
4801,553606,217.0
4802,553712,217.0
4803,553818,217.0
4804,553922,217.0
4805,554027,217.0
4806,554130,217.0
4807,554236,217.0
4808,554341,217.0
4809,554445,217.0
4810,554548,217.0
4811,554654,215.0
4812,554759,215.0
4813,554864,215.0
4814,554968,215.0
4815,555072,215.0
4816,555176,215.0
4817,555281,215.0
4818,555388,215.0
4819,555493,215.0
4820,555598,215.0
4821,555704,215.0
4822,555809,215.0
4823,555915,215.0
4824,556021,216.0
4825,556125,216.0
4826,556229,216.0
4827,556334,216.0
4828,556438,216.0
4829,556546,216.0
4830,556651,216.0
4831,556756,216.0
4832,556861,216.0
4833,556965,216.0
4834,557071,216.0
4835,557177,216.0
4836,557283,216.0
4837,557388,216.0
4838,557494,216.0
4839,557600,216.0
4840,557706,216.0
4841,557811,215.0
4842,557916,215.0
4843,558019,215.0
4844,558122,215.0
4845,558228,215.0
4846,558331,215.0
4847,558433,215.0
4848,558539,215.0
4849,558644,215.0
4850,558746,215.0
4851,558852,215.0
4852,558955,215.0
4853,559059,215.0
4854,559164,215.0
4855,559266,215.0
4856,559371,215.0
4857,559475,215.0
4858,559581,215.0
4859,559683,215.0
4860,559786,215.0
4861,559889,216.0
4862,559994,216.0
4863,560100,216.0
4864,560208,216.0
4865,560313,216.0
4866,560418,216.0
4867,560521,216.0
4868,560626,216.0
4869,560732,216.0
4870,560839,216.0
4871,560944,216.0
4872,561051,216.0
4873,561156,216.0
4874,561261,216.0
4875,561365,216.0
4876,561470,216.0
4877,561577,216.0
4878,561685,215.0
4879,561790,215.0
4880,561896,215.0
4881,562000,215.0
4882,562105,215.0
4883,562211,215.0
4884,562314,215.0
4885,562419,215.0
4886,562525,215.0
4887,562630,215.0
4888,562735,215.0
4889,562840,215.0
4890,562948,215.0
4891,563053,215.0
4892,563159,215.0
4893,563263,215.0
4894,563368,215.0
4895,563473,215.0
4896,563578,215.0
4897,563685,215.0
4898,563789,215.0
4899,563895,215.0
4900,563999,215.0
4901,564103,215.0
4902,564210,215.0
4903,564314,215.0
4904,564418,215.0
4905,564522,215.0
4906,564627,215.0
4907,564730,215.0
4908,564836,215.0
4909,564941,215.0
4910,565049,215.0
4911,565155,215.0
4912,565260,215.0
4913,565367,215.0
4914,565475,215.0
4915,565578,215.0
4916,565682,215.0
4917,565786,215.0
4918,565891,215.0
4919,565997,215.0
4920,566103,215.0
4921,566207,215.0
4922,566311,215.0
4923,566416,215.0
4924,566520,215.0
4925,566627,215.0
4926,566730,215.0
4927,566835,215.0
4928,566941,215.0
4929,567048,215.0
4930,567150,215.0
4931,567256,215.0
4932,567363,215.0
4933,567468,215.0
4934,567573,215.0
4935,567679,215.0
4936,567781,215.0
4937,567886,215.0
4938,567991,215.0
4939,568096,215.0
4940,568197,215.0
4941,568303,215.0
4942,568405,215.0
4943,568512,215.0
4944,568619,215.0
4945,568725,215.0
4946,568830,217.0
4947,568933,215.0
4948,569037,215.0
4949,569145,215.0
4950,569248,215.0
4951,569352,215.0
4952,569457,215.0
4953,569562,215.0
4954,569666,216.0
4955,569767,216.0
4956,569870,215.0
4957,569974,215.0
4958,570079,215.0
4959,570183,215.0
4960,570287,215.0
4961,570394,215.0
4962,570499,215.0
4963,570605,215.0
4964,570710,215.0
4965,570816,215.0
4966,570919,215.0
4967,571024,215.0
4968,571128,215.0
4969,571236,215.0
4970,571341,215.0
4971,571447,215.0
4972,571554,215.0
4973,571659,215.0
4974,571763,215.0
4975,571866,215.0
4976,571969,215.0
4977,572075,215.0
4978,572179,215.0
4979,572286,215.0
4980,572394,215.0
4981,572501,215.0
4982,572605,215.0
4983,572707,215.0
4984,572810,215.0
4985,572917,215.0
4986,573020,215.0
4987,573126,215.0
4988,573232,216.0
4989,573336,216.0
4990,573440,216.0
4991,573544,215.0
4992,573648,215.0
4993,573752,215.0
4994,573856,215.0
4995,573960,215.0
4996,574065,215.0
4997,574170,215.0
4998,574276,215.0
4999,574380,215.0
